Question,answer,A,B,C,D,E,
伏邪温病不包括项是：,D,感邪后邪气伏藏,邪气郁伏过时而发,病发于里，初起见里热证,初起以表热证为主,可由新感引发,
易损伤肺胃阴津，致口鼻唇咽干燥，干咳不已，或痰少而粘，口渴，舌红少苔等症，又易逆传内陷的温邪是：,A,风热病邪,暑热病邪,湿热病邪,燥热病邪,风热时毒,
具有易困阻脾胃，弥漫三焦，易伤络动血，耗损元气致病特点的温邪是：,B,暑热病邪,暑湿病邪,湿热病邪,疫疠病邪,温毒病邪,
温邪犯肺之初的临床表现应除外：,E,发热,舌边尖红,咳嗽,头痛，口微渴,脉缓,
热陷心包的临床表现应除外：,A,心悸,神昏,肢厥,舌绛,舌謇,
斑的外发，多先起于：,A,胸腹,四肢,头部,面部,腰背,
温病后期出现大便秘结，咽干口燥，舌红而干者，应选的治法是：,E,增液通下,益气养阴,养阴润肺,滋养肺胃,增液润肠,
风温病恢复期证候多表现为：,D,肺热移肠,肺热发疹,腑实阴伤,肺胃阴伤,热陷心包,
《温病条辨》的作者是：,E,陈平伯,孙思邈,王叔和,叶天士,吴鞠通,
治疗秋燥燥干清窍，避免使用：,B,轻清之品,苦重之品,甘寒之品,甘酸之晶,辛凉之品,
阳明腑实证的舌象是：,A,苔老黄燥裂,苔薄黄干燥,苔黄厚而腻,苔黄白相兼,苔白厚而燥,
气营（血）两燔证的临床表现应除外,A,发热恶寒,烦躁口渴,头痛发斑,吐血衄血,舌绛脉数,
《温病条辨》的作者是,B,吴又可,吴鞠通,叶天士,薛生白,王孟英,
《温病条辨》一书创立并完善了哪种辨证纲领：,C,六经辨证,卫气营血辨证,三焦辨证,脏腑辨证,经络辨证,
温病是多种外感热病的总称，《温病条辨》上焦篇首条列举了多少种常见温病：,C,5,7,9,11,12,
吴鞠通认为太阴风温初起但热不恶寒而渴者，以什么方治疗：,B,辛凉轻剂桑菊饮,辛凉平剂银翘散,辛凉重剂白虎汤,桂枝汤,达原饮,
太阴风温，但咳，身不甚热，微渴者，哪首方主之：,A,辛凉轻剂桑菊饮,辛凉平剂银翘散,辛凉重剂白虎汤,桂枝汤,达原饮,
辛凉轻剂是指：,A,桑菊饮,银翘散,白虎汤,桔梗汤,桑杏汤,
辛凉平剂是指：,B,桑菊饮,银翘散,桑杏汤,桔梗汤,白虎汤,
辛凉重剂是指：,E,桑菊饮,银翘散,桑杏汤,桔梗汤,白虎汤,
吴鞠通认为银翘散证出现项肿咽痛者，可加用：,E,射干、马勃,射干、栀子,生地、玄参,大青叶、玄参,马勃、玄参,
银翘散证出现衄者，其加减法为,B,去芥穗，加白茅根、侧柏碳、栀子碳、粉丹皮,去芥穗、豆豉，加白茅根、侧柏炭、栀子炭,去芥穗、桔梗，加白茅根、侧柏炭、栀子炭,去芥穗、桔梗，加白茅根、侧柏炭、粉丹皮,去芥穗、豆豉，加白茅根、侧柏炭、粉丹皮,
下列除哪项外，均是吴鞠通所谓的白虎汤应用禁忌：,E,脉浮弦而细者,脉沉者,不渴者,汗不出者,不大便者,
邪热入营的清营汤证 “反不渴” 是因为：,D,邪热不甚,兼有痰邪,兼有瘀血,邪热蒸腾营阴上泛,热扰心神而不觉,
吴鞠通认为上焦温病常见两种死证是：,A,肺之化源绝者和心神内闭，内闭外脱者,逆传心包者和心神内闭，内闭外脱者,逆传心包者和肺之化源绝者,阳明太实，土克水者和肺之化源绝者,阳明太实，土克水者和逆传心包者,
三仁汤中的“三仁”是指,C,杏仁、桃仁、苡仁,桃仁、苡仁、蔻仁,苡仁、蔻仁、杏仁,蔻仁、杏仁、桃仁,以上都不是,
三仁汤中用“杏仁”主要是取其什么作用：,C,止咳平喘,化痰散湿,轻开上焦肺气,润肺止咳,润肠通便,
湿温初起而见“胸闷不饥”的主要原因是,B,胃肠有积滞,湿热阻滞中焦气机,中气实,胃强脾弱,中气虚,
症见“头痛恶寒，身重疼痛，舌白不渴，脉弦细而濡，面色淡黄，胸闷不饥，午后身热，状若阴虚，病难速已”者，其病为,D,风温,春温,暑湿,湿温,伏暑,
“手太阴暑温”初起，“但汗不出者”表明,B,暑热不甚,兼有寒邪郁表,兼有湿邪郁表,病从里发,暑热郁表,
吴鞠通认为“温病最忌辛温，暑病不忌”，是因为：,A,暑必兼湿,暑必兼寒,暑必兼痰,暑必伤阳,以上都不是,
“阳明温病，下之不通”，若兼见“喘促不宁，痰涎壅滞，右寸实大”的表现，说明其病机兼有：,B,正虚不能运药,肺气不降,火腑不通,邪闭心包,无水舟停,
“阳明温病，下之不通”，若兼见“左尺牢坚，小便赤痛，时烦渴甚”的表现，说明其病机兼有：,C,正虚不能运药,肺气不降,火腑不通,邪闭心包,无水舟停,
牛黄承气汤的药物组成是：,E,牛黄加大承气汤,牛黄加小承气汤,安宫牛黄丸加大承气汤,安宫牛黄丸加小承气汤,安宫牛黄丸加生大黄,
增液承气汤的药物组成是：,D,增液汤加大承气汤,增液汤加小承气汤,增液汤加调味承气汤,增液汤加大黄、芒硝,增液汤加大黄,
“三焦湿郁，升降失司，脘连腹胀，大便不爽”者，治宜选用：,A,一加减正气散,二加减正气散,三加减正气散,四加减正气散,五加减正气散,
认为导致湿温的原因是“内不能运水谷之湿，外复感时令之湿”的医家是谁：,D,叶天士,薛生白,雷少逸,吴鞠通,吴又可,
对于湿温的治疗，哪部著作指出“徒清热则湿不退，徒祛湿则热愈炽”：,A,《温病条辨》,《温热论》,《湿热病篇》,《温热经纬》,《温疫论》,
因“吸受秽湿”，而症见“热蒸头胀，身痛呕逆，小便不通，神识昏迷，舌白，渴不多饮”者，辨证为,B,湿热酿痰，蒙蔽心包,湿热弥漫三焦,湿热郁伏膜原,湿热困阻中焦,湿热闭阻下焦,
一老年患者，体弱多病，感冒后出现恶寒发热，头痛鼻塞，倦怠无力，气短懒言，反复发作，恶风，易汗出，舌质淡，苔薄白，脉浮而无力。治疗首选方剂是：,A,参苏饮,银翘散,葱豉汤,加减葳蕤汤,麻杏石甘汤,
一患者咳嗽，干咳，连声作呛，咳嗽无痰，咽喉干痒，唇鼻干燥，咳甚则胸痛，口干，舌质红，苔薄黄而燥，脉浮数。中医病证属于：,B,肝火犯肺,风燥伤肺,痰热郁肺,风寒闭肺,痰湿蕴肺,
《金匮要略•肺痿肺痈咳嗽上气病脉证治》曰：“咳而上气，喉中水鸡声，射干麻黄汤主之”。该方剂适用于下列哪一病证：,A,寒哮,热哮,浊哮,风哮,肺痈,
治疗风寒闭肺型喘证的首选方剂是：,D,麻杏石甘汤,桑白皮汤,定喘汤,麻黄汤,二陈汤,
肺痈整个病程中，未成脓时应着重下列哪项治法：,B,化瘀排脓解毒,清热解毒消痈,排脓解毒散邪,益气养阴解毒,益气健脾化痰,
支饮症见：咳喘胸满不得卧，痰清稀，白沫量多，面浮肢肿，经久不愈，每遇寒而作，兼见身痛。舌质淡胖有齿痕，舌苔白滑，脉沉细。治疗首选方剂是：,B,己椒苈黄丸,小青龙汤,十枣汤,苓桂术甘汤,泻白散,
归脾丸常用于哪种心悸病证的治疗：,E,心阳不振,肝肾阴亏,阴虚火旺,心虚胆怯,心脾两虚,
一患者胸部刺痛，固定不移，入夜尤甚，伴心悸，头晕，舌质紫暗，有瘀斑，脉薄白，脉沉涩。治疗首选方剂是：,B,栝蒌薤白半夏汤,血府逐瘀汤,栝蒌薤白白酒汤,生脉散,参附汤,
咳嗽症见：咳嗽痰多，咳声重浊，痰白粘腻，每于晨间咳痰尤甚，因痰而嗽，痰处则咳缓，伴脘痞，呕恶，纳呆，腹胀，大便时溏，舌苔白腻，脉濡滑。辨为何证型：,C,风热犯肺,风寒袭肺,痰湿壅肺,风燥伤肺,肝火犯肺,
一痢疾患者，表现为：腹痛拘急，痢下赤白脓血，里急后重，赤多白少，或纯为赤冻，肛门灼热，小便短赤，口渴发热，舌质红，舌苔微黄腻，脉滑数。治疗首选方剂是：,D,不换金正气散,桃花汤,附子理中汤,芍药汤,胃苓汤,
治疗失眠下列哪一证型首选归脾汤：,D,肝郁化火,心胆气虚,阴虚火旺,心脾两虚,痰热内扰,
一患者近一周出现发热，微恶寒，汗出不畅，头痛，鼻塞，鼻流黄浊涕，口干而咳，咽喉红肿疼痛，咳嗽，痰黄粘稠，舌苔薄黄，脉浮数。治疗首选方剂是：,E,麻黄汤,荆防败毒散,桂枝汤,参苏饮,银翘散,
肝火上炎所致鼻衄治疗首选方剂是：,D,银翘散,玉女煎,黄连温胆汤,栀子清肝汤,泻白散,
一患者尿血数月，食少乏力，气短声低，面色苍白，兼见皮肤瘀斑，齿龈有出血，舌质淡，苔薄白，脉细弱。治疗首选方剂是：,C,加减清胃散,栀子清肝汤,归脾汤,知柏地黄丸合茜根散,龙胆泻肝汤,
导痰汤是治疗哪一厥证的首选方剂是：,D,食厥,血厥,气厥,痰厥,暑厥,
脾胃虚寒型胃痛治疗的首选方剂是：,B,芍药甘草汤,黄芪建中汤,丹参饮,柴胡疏肝散,泻心汤,
治疗痞满之饮食积滞证，应首选下列哪一方剂：,D,大黄黄连泻心汤,补中益气汤,二陈汤合桑白皮汤,保和丸,四逆散合越鞠丸,
一患者受凉后突然出现呕吐，发热恶寒，头身疼痛，胸脘满闷，不思饮食，舌苔白，脉濡缓。治疗首选方剂：,E,保和丸,小半夏汤合苓桂术甘汤,香砂六君子汤,麦门冬汤,藿香正气散,
呃逆证见：呃声洪亮有力，口臭烦渴，多喜冷饮，脘腹满闷，大便秘结，小便短赤，舌苔黄燥，脉滑数。可辨证为哪一型：,B,胃寒气逆,胃火上逆,气滞痰阻,脾胃阳虚,胃阴不足,
在哮病中治疗热哮的首选方剂是：,C,葶苈大枣泻肺汤,桂枝加厚朴杏子汤,定喘汤,射干麻黄汤,二陈汤合三子养亲汤,
一女性患者半年前因与他人生气后进食，引起脘腹痞满不舒，胸胁胀满，嗳气不舒，心烦易怒，善太息，此后常因情志不舒而加重，苔薄白，脉弦。治疗首选方剂是：,A,四逆散合越鞠丸,大黄黄连泻心汤,保和丸,二陈汤,补中益气汤,
痫病休止期脾虚痰盛型，治疗首选方剂是：,D,龙胆泻肝丸,大补元煎,黄连温胆汤,六君子汤,五生饮,
心烦多梦，易于惊醒，平时胆怯恐惧，遇事易惊，心悸气短，倦怠，小便清长，易疲劳，舌质淡，苔薄白，脉弦细。治疗首选方剂是：,A,安神定志丸,龙胆泻肝汤,归脾汤,黄连阿胶汤,酸枣仁汤,
一女性患者，生气后引起脘腹胀痛，攻窜两胁，走窜疼痛，时聚时散，得嗳气、矢气则舒，遇忧思恼怒则加剧，舌苔薄白，脉弦。治疗首选方剂：,E,大柴胡汤,小建中汤,良附丸,枳实导滞丸,柴胡疏肝散,
肾阳虚衰型泄泻的特点是：,E,腹痛即泻，泻后痛减,泻下物臭秽，肛门灼热,嗳腐酸臭，泻后痛减,泻下清稀，甚如水样,黎明前泻，完谷不化,
古代医籍中可见“肠澼”、“滞下”的病名，是以下哪种疾病的别名：,C,霍乱,胃痛,痢疾,噎膈,痞满,
一老人大病后出现便秘，虽有便意，临厕是努挣乏力，难以排出，便质并不干结，伴后汗出乏力，气短神疲，舌质淡，苔薄白，脉细弱。治疗首选方剂是：,B,济川煎,黄芪汤,六磨汤,麻子仁丸,大承气汤,
阴寒凝滞型心痛的主要特征是：,C,胸闷痛如窒，痛引肩背,胸部刺痛，固定不移,胸痛如绞，感寒痛甚,胸闷隐痛，时作时止,胸闷灼痛，心悸心烦,
一患者胃脘胀痛，连及两胁，攻撑走窜，每因情志不遂而加重，喜太息，纳少，精神抑郁，舌苔薄白，脉弦。中医辨证属：,C,脾胃虚寒,胃气壅滞,肝胃气滞,肝胃郁热,胃阴亏虚,
一患者受凉后出现呃逆，呃声连连，沉缓有力，遇寒愈甚，舌质淡，苔白滑，脉迟缓，可辨为哪一型呃逆：,E,脾胃阳虚型,胃阴不足型,气滞痰阻型,胃火上逆型,胃寒气逆型,
感冒之病名，首见于(    )。,A,《仁斋直指方》,《诸病源候论》,《内经》,《伤寒论》,,
感冒的病因以(    )为首。,A,风邪,寒邪,湿邪,燥邪,,
感冒的特征性症状主要是(    )。,C,恶寒发热,咽喉肿痛,鼻塞喷嚏流涕,头痛身痛,,
下列(    )不是时行感冒的临床特征。,A,舌苔腐浊,症状重、起病急,传染力强,多属风热,,
患者鼻塞声重、喷嚏流涕、身热不扬、头重身倦无汗、纳呆口淡、脉濡，治疗此症宜选用(    )。,D,参苏饮,葱豉汤,麻黄汤,羌活胜湿汤,,
某男，45岁，感冒5天，发热恶寒、鼻塞声重、周身酸痛、无汗口渴、咽痛、咳嗽气急、痰黄粘稠、舌苔薄白、脉浮数，证属(    )。,B,风寒化热,表寒里热,风热袭肺,痰热壅肺,,
感冒表寒里热的治法是(    )。,D,辛凉解表、清肺透热,疏风宣肺、清热解毒,辛温解表、宣肺散寒,疏风宣肺、散寒清热,,
患者发热头痛、恶寒无汗、鼻塞咳嗽、肢节酸痛、舌苔白、脉浮紧，宜选用(    )。,C,葱豉汤,羌活胜湿汤,荆防败毒散,麻黄汤,,
风热感冒宜选用(    )。,B,麻杏石甘汤,银翘散    ,桑杏汤,香薷饮,,
发热、微恶风寒、有汗、鼻塞喷嚏、咽喉疼痛、咳嗽痰稠、苔薄黄、脉浮数，治宜(    )。,D,清热解表，止咳化痰,辛温解表，宣肺散寒   ,疏风宣肺，解表清里,辛凉解表，宣肺清热,,
风热感冒发热较重者，宜加用(    )。,B,板兰根、玄参,黄芩、石膏、大青叶    ,桑叶、菊花,黄芩、知母、瓜蒌,,
暑湿感冒的治法是(    )。,D,辛凉解表、清热燥湿,辛温解表、芳香化湿,清热利湿、清暑益气,清暑祛湿解表,,
身热、汗出不畅、鼻塞流涕、胸闷欲呕、身重倦怠、舌苔黄腻、脉濡数，宜选方为(    )。,A,新加香薷饮,桂枝汤     ,加减葳蕤汤,清络饮,,
反复感冒、恶寒重、发热轻、鼻塞流涕、头痛汗出、倦怠乏力、气短、咳嗽、咳痰无力、舌淡苔薄白、脉浮无力，选方宜用(    )。,D,补中益气汤,黄芪桂枝扬,玉屏风散,参苏饮,,
患者微恶风寒、身热少汗、头昏心烦、口干、干咳少痰、鼻塞流涕、舌红少苔、脉细数，此属(    )。3.,A,阴虚感冒,内伤发热     ,风热感冒,风热感冒邪热伤津,,
我国第一部研究外感热病的专著是(    )。,B,《内经》,《伤寒论》,《温热经纬》,《温病条辨》,,
认为外感热病的病因病机主火热病邪的医家是(    )。,A,刘完素,张元素     ,朱丹溪,吴有性,,
外感发热的病理性质为(    )。,B,阴津不足,阳气亢奋     ,外感六淫,感受疫毒,,
外感发热的辨证要点是(    )。,D,辨病邪性质,辨病位,辨病势,辨热型,,
暑热病邪所致发热的特点是(    )。,C,恶寒发热,潮热     ,壮热,不规则热,,
肺系邪热所致外感发热的热型是(    )。,C,恶寒发热,寒热往来     ,壮热,潮热,,
脾胃湿热证治宜清热利湿，运脾和胃，宜选方为(    )。,A,王氏连朴饮,三仁汤,清胃散,藿朴夏苓汤,,
大肠湿热证治以清利湿热，方用(    )。,B,芍药汤,葛根芩连汤     ,白头翁汤,黄芩汤,,
治疗膀胱湿热证的主方是(    )。,B,王氏连朴饮,八正散     ,导赤散,竹叶石膏汤,,
患者壮热胸痛、咳嗽、痰黄稠、口干、舌红、苔黄、脉数，宜选用(    )。,A,麻杏石甘汤,银翘散     ,清金化痰汤,加味泻白散,,
患者壮热口渴、汗出、面赤心烦、舌红、苔黄、脉洪大有力，宜选用(    )。,D,大承气汤,银翘散,普济消毒饮,白虎汤,,
患者寒热往来、胸胁苦满、口苦、便秘、舌红、苔黄腻、脉弦数，宜选用(    )。,C,小柴胡汤,小承气汤     ,大柴胡汤,大承气汤,,
湿阻的辨证要点是(    )。,B,分辨虚实,分清寒热     ,起病缓急,是否传变,,
“治湿不知理脾，非其治也”，出自(    )。,D,《金匮要略》,《景岳全书》,《温病条辨》,《证治汇补》,,
患者肢体困重、胸闷腹胀、口中粘腻无味、苔白腻、脉濡滑，宜选用(    )。,C,荆防败毒散,参苓白术散,藿香正气散,补中益气汤,,
湿阻病湿困脾胃型，若腹胀便溏者，可合用何方以增强健脾燥湿的作用(    )。,A,平胃散,二陈汤     ,五苓散,四君子汤,,
湿阻病湿困脾胃型的治法是(    )。,D,健脾利湿,苦寒燥湿     ,苦温燥湿,芳香化湿，,,
四肢困乏，脘腹痞闷喜揉按，便溏，神疲，舌质淡胖，治宜(    )。,A,健脾化湿,补中益气     ,利湿化浊,理气和中,,
脾虚湿滞型湿阻病，方用(    )。,A,香砂六君子汤,香砂养胃汤   ,参苓白术散,平胃散,,
首载了痢疾的辨证论治的著作是(    )。,B,《内经》,《金匮要略》,《伤寒论》,《诸病源候论》,,
(    )医书指出痢疾具有流行性、传染性。,C,《金匮要略》,《痢疾论》,《丹溪心法》,《严氏济生方》,,
“痢疾最当察虚实、辨寒热”出自于(    )。,A,《景岳全书》,《诸病源候论》,《丹溪心法》,《痢疾论》,,
湿热痢的主方是(    )。,C,桃花汤，,白头翁汤,芍药汤,葛根芩连汤,,
患者腹痛较剧、里急后重、痢下鲜紫脓血、恶心呕吐、舌质红绛苔黄燥，脉滑数，宜选方为(    )。,B,白头翁汤,白头翁汤合芍药汤     ,清营汤,葛根芩连汤,,
患者腹痛拘急、痢下赤白粘冻、白多赤少、里急后重、苔白腻、脉濡缓，宜选用(    )。,D,黄芩汤,真人养脏汤,芍药汤,不换金正气散,,
患者久痢不愈、痢下赤白清稀、腹部隐痛喜按喜温、形寒畏冷、舌淡苔白、脉沉细，证属(    )。,B,寒湿痢,虚寒痢,休息痢,噤口痢,,
休息痢的主方是(    )。,B,胃苓汤,连理汤,桃花汤,理中汤,,
强调“噤口痢者，大虚大热”的医家是(    )。,A,朱丹溪,张景岳,吴鞠通,张仲景,,
治疗痢疾除内服中药外，常用的外治法是(    )。,C,针灸,敷脐,灌肠,拔火罐,,
古代医籍中，记载最详细的传染病是(    )。,B,痢疾,疟疾     ,麻疹,肺痨,,
下列(    )症状为疟疾的特征。,D,寒战壮热,寒热往来     ,头痛,休作有时,,
首先提出瘴疟的名称，最先采用青蒿治疟的古代医籍是(    )。,B,《金匮要略》,《肘后备急方》,《千金要方》,《景岳全书》,,
患者遇劳则疟疾复发，宜选用(    )。,C,白虎加桂枝汤,不换金正气散,何人饮,八珍汤,,
患者久疟不愈，胁下结块、触之有形、舌紫黯有瘀斑、脉细涩，宜选用(    )。,D,大黄廑虫丸,何人饮,桂枝茯苓丸,鳖甲煎丸,,
治疗热瘴宜选用(    )。,A,青蒿素合清瘴汤,截疟七宝饮,青蒿素合不换金正气散,达原饮,,
患者寒多热少、口不渴、苔白腻、脉弦，选用(    )。,A,柴胡桂枝干姜汤,青蒿鳖甲汤,不换金正气散,白虎加桂枝汤,,
治疗温疟的主方是(    )。,B,白虎加人参汤,白虎加桂枝汤,小柴胡汤,何人饮,,
疟疾与感冒、伤寒、肝胆湿热、痨瘵等疾病的共同表现是(    )。,B,头痛,寒热往来,休作有时,有季节性,,
患者寒战壮热、休作有时、舌红苔薄白、脉弦，宜选用(    )。,B,小柴胡汤,柴胡截疟饮,清脾饮,达原饮,,
经现代研究证实，有杀灭疟原虫作用，目前成为抢救脑型疟疾的首选药物是(    )。,D,常山,鸦胆子     ,马鞭草,青蒿,,
下列(    )不是咳嗽的治则。,D,祛邪,利肺,扶正,化瘀,,
下列(    )不属于外感咳嗽的证型。,D,风寒袭肺,风热犯肺,风燥伤肺,暑湿阻肺,,
首将咳嗽分为外感内伤论治的著作是(    )。,A,《景岳全书》,《外台秘要》,《和剂局方》,《伤寒杂病论》,,
外感咳嗽的病因是(    )。,A,外感六淫之邪,外感疫疬之邪,感触异物,外感毒邪,,
下列(    )不是内伤咳嗽的病因。,B,情志,劳倦,饮食,肺脏自病,,
咳声重浊、喉痒、恶寒发热、无汗脉紧者，宜用(    )。,B,桑菊饮,三拗汤合止嗽散     ,桑杏汤,清金化痰汤,,
咳痰不爽，色黄而粘，咽痛，恶寒身热，口渴，脉浮数者，宜用(    )。,A,桑菊饮,清金化痰汤,泻白散,银翘散,,
喉痒干咳，无痰或少痰，唇鼻干燥，微寒，脉浮，治宜(    )。,D,疏风清热，宣肺止咳,滋阴清热，润肺止咳,疏风清肺，润燥止咳,,,
患者晨咳甚，痰多成块，胸闷，痰出则减，伴痞满，苔白腻，方用(    )。,B,苏子降气汤,二陈汤合三子养亲汤,清金化痰汤,葶苈大枣泻肺汤,,
患者咳嗽气急，痰多而黄粘，面赤口干，苔薄黄腻，脉滑数，方用(    )。,C,沙参麦冬汤,黛蛤散合黄芩泻白散,清金化痰汤,桑菊饮,,
哮病发作时的病理环节是(    )。,A,痰阻气闭,痰饮上犯,饮邪泛滥,肺气上逆,,
哮病发作时的主要临床表现是(    )。,B,喘促气短,痰鸣气喘　　 ,呼吸困难,喘咳痰多,,
哮病间歇期涉及的脏腑是(    )。,B,心脾肾虚,肺脾肾虚,肝脾肾虚,心脾肺虚,,
首创“哮喘”病名的是(    )。,A,朱丹溪,罗天益,张景岳,叶天士,,
对哮与喘作了明确区别的著作是(    )。,A,《医学正传》,《诸病源候论》,《丹溪心法》,《证治准绳》,,
哮病主要治疗原则是(    )。,D,补虚泻实,标本同治,扶正祛邪,发时治标，平时治本,,
哮病的“夙根”是(    )。,C,水停,气滞,宿痰,湿浊,,
寒哮发作期首选(    )。,A,射干麻黄汤,定喘汤,小青龙汤,三拗汤合三子养亲汤,,
气粗息涌，喉中痰鸣如吼，咯痰色黄，苔黄腻。治宜(    )。,B,温肺散寒，化痰平喘,清热宣肺，化痰定喘,健脾清热，化痰定喘,清热泻火，宣肺定喘,,
哮喘甚剧，恶寒背冷，痰白呈泡沫，苔白水滑，脉紧而无虚象者，属(    )。,A,，寒实证,寒湿证,表寒证,里寒证,,
哮病病久阳虚，发作频繁，喉中痰鸣如鼾，声低气短，痰稀肢冷，当标本同治，宜(    )。,A,苏子降气汤,紫金丹,三子养亲汤,六君子汤,,
发作期热哮方用(    )。,A,定喘汤,紫金丹,苏子降气汤,麻杏石甘汤,,
哮病发作时，寒热不著，但哮鸣喘咳甚剧，痰多难出，苔厚脉滑，宜用(    )。,B,半夏厚朴汤,三子养亲汤加减,加味平胃散,苏子降气汤,,
哮病缓解期，肺虚者首选(    )。,D,六君子汤,补肺汤,参蛤散,玉屏风散,,
哮病缓解期，脾虚者首选(    )。,A,六君子汤,参苓白术散,归脾汤,十全大补汤,,
喘病的基本病机是,A,气机的升降出纳失常      ,痰浊不化，气机壅滞,,,,
喘病的严重阶段，肺肾虚极，孤阳欲脱，出现面唇爪甲青紫，大汗，称为(    )。,A,喘脱,阳脱,汗脱,气脱,,
患者喘息气促，兼头痛鼻塞、无汗恶寒、苔白脉浮，方用,B,小青龙汤,桂枝加厚朴杏仁汤,麻黄汤,麻杏石甘汤,张口抬肩,
患者喘咳气涌，痰多色黄，伴烦热汗出，苔黄脉数。方用(    )。,C,麻杏石甘汤,二陈汤合三子养亲汤,桑白皮汤,涤痰汤,,
患者喘而胸满闷窒，咳嗽痰多，粘腻色白，苔厚腻脉滑，治宜(    )。,A,化痰降逆,温肺化痰,利气豁痰,清热化痰,,
喘促短气，气怯声低，自汗恶风，易感冒，脉软弱，方用(    )。,B,生脉散,补肺汤合玉屏风散,补中益气汤,八珍汤,,
实喘肝气乘肺症见呼吸短促，息粗气憋，咽中如窒者，方用(    )。,C,旋复代赭汤,半夏厚朴汤,五磨饮子,六磨汤,,
喘脱宜扶阳固脱，镇摄肾气，方用(    )。,D,·参蛤散,生脉散,七味都气丸,参附汤合黑锡丹,,
虚喘肾气虚兼痰浊壅肺，喘咳痰多，气急满闷，苔腻，属(    )证。,D,本虚标实,虚实挟杂,上热下寒,上实下虚,,
饮凌心肺型喘病的治法是(    )。,A,温阳利水，泻肺平喘,温阳化饮，补肺平喘,利水消肿，泻肺平喘,化饮降逆，泻肺平喘,,
肝气乘肺型喘病的治法是(    )。,C,舒肝利肺,清肝降气,开郁降气,开郁平喘,,
清泄痰热法可适用于(    )。,A,痰热遏肺型喘病,热哮证,痰热郁肺型咳嗽,痰热郁肺型肺胀,,
首载肺胀病名的医著是(    )。,A,《内经》,《金匮要略》,《丹溪心法》,《诸病源候论》,,
肺胀的病理性质属(    )。,C,上盛下虚,表实里虚,本虚标实,标本俱虚,,
肺胀，喘而上气，喉中如有水鸡声，表寒不著者，可选用,D,小青龙汤,小青龙加石膏汤,麻黄汤,射干麻黄汤,,
咳嗽痰多，喉间痰鸣，胸部膨胀，憋闷如窒，唇甲紫绀，舌质紫暗，苔浊腻，脉弦滑者，证属(    )。,A,痰瘀阻肺型肺胀,痰热遏肺型喘病,痰浊阻肺型喘病,痰湿蕴肺型咳嗽,,
呼吸浅短难续，咳声低怯，胸满短气，心慌，形寒汗出，苔白润脉沉细，方宜(    )。,D,金匮肾气丸,真武汤合五苓散,补肺汤合生脉散,补虚汤合参蛤散,,
下列哪部医著认为肺胀与痰饮有关?,C,《内经》,《诸病源候论》,《金匮要略》,《张氏医通》,,
患者咳逆喘满不得卧，咯痰白稀，呈泡沫状，胸部膨满恶寒，舌苔白滑，脉浮紧，证属(    )。,A,外寒内饮型肺胀,风寒闭肺型喘病,风寒袭肺型肺胀,寒哮,,
咳逆喘息气粗，痰黄，胸满烦燥，溲黄口渴，苔黄腻，脉滑数,B,小青龙加石膏汤,越婢加半夏汤,麻杏石甘汤,白虎加苍术汤,,
患者面浮，下肢肿，脘痞腹胀，心悸，喘咳不能平卧，面唇青紫，苔白滑，脉结代，治法宜(    )。,C,补肺纳肾，降气平喘,涤痰祛瘀，泻肺平喘,温阳化饮利水,温肺散寒，降逆涤痰,,
咳逆喘促．B重，嗜睡，烦躁不安，昏迷抽搐，方用(    )。,A,涤痰汤合至宝丹或安宫牛黄丸,二陈汤合安宫牛黄丸,礞石滚痰丸合苏合香丸,参附汤合黑锡丹,,
首次列有肺痈病名的著作是(    )。,C,《内经》,《诸病源候论》,《金匮要略》,《备急千金要方》,,
苇茎汤是治肺痈的要方，出自(    )。,B,《金匮要略》,《备急千金要方》,《十药神书》,《医宗金鉴》,,
肺痈初期主要症状是(    )。,A,发热恶寒,壮热振寒,咳吐黄绿痰,咳痰如米粥,,
肺痈的病理病机是(    )。,D,痰热互结于胸,痰热蕴结于肺,气滞血瘀于肺,痰热与血瘀互结于肺,,
肺痈初期的治法是(    )。,C,清热肃肺,清热解毒,清肺散邪,疏风散热,,
肺痈的病理性质是(    )。,A,实证热证,虚证热证,本虚标实证,寒热错杂证,,
患者发热微恶寒，咯粘液脓性痰，胸痛呼吸不利，诊为肺痈初期，方用(    )。,A,银翘散,千金苇茎汤,如金解毒散,加味桔梗汤,,
患者发热振寒，咳嗽胸痛，痰浊有腥味，诊为肺痈，方宜(    )。,B,普济消毒饮,千金苇茎汤合如金解毒散,清瘟败毒散,加味桔梗汤合黄连解毒汤,,
肺痈恢复期的治疗原则是(    )。,A,养阴益气，扶正祛邪,养阴益气，清肺排毒,扶正祛邪，滋养肺阴,养肺滋阴，扶正排毒,,
肺痈成痈期，热毒瘀结严重时，可配合使用(    )。,A,犀黄丸,珍黄散,锡类散,鱼腥草,,
肺痈的成痈期的治疗原则是(    )。,C,清热解毒，清肺消痈,清肺消痈，祛痰化瘀,清热解毒，化瘀消痈,活血化瘀，清肺消痈,,
肺痈溃脓期的治法是(    )。,D,清热排脓,清肺排脓,化瘀排脓,排脓解毒,,
肺痈溃脓期可选用(    )。,C,千金苇茎汤,沙参麦冬汤,加味桔梗汤,竹叶石膏汤,,
肺痈脓溃以后，患者热退咳减痰稀，咯吐脓血渐少，臭味亦减，气短乏力，午后潮热，宜用(    )。,D,六君子汤合泻白散,沙参麦冬汤合生脉散,百合固金汤,沙参清肺汤合竹叶石膏汤,,
最早记载肺痨具有传染性的著作是(    )。,C,《内经》,《难经》,《肘后备急方》,《仁斋直指方》,,
治疗阴虚火旺型肺痨的方药是(    )。,C,月华丸,沙参麦冬汤,百合固金汤,桑杏汤,,
肺痨的致病因素是(    )。,A,痨虫感染,营养不良,六淫致病,七情内伤,,
最早确立滋阴降火法治疗肺痨的著作是(    )。,C,《十药神书》,《肘后备急方》,《丹溪心法》,《仁斋直指方》,,
咳嗽无力，痰中夹血，血色淡红，午后潮热，面色觥白，颧红，舌质嫩红，或舌淡有齿印，苔薄脉细弱而数者，属(    )。,B,肺阴亏虚,气阴耗伤,阳气不足,肺脾两虚,,
肺痨的盗汗由(   )所致。,D,阴虚内热,虚火逼津,阴阳两虚,内热蒸腾，逼津外出,,
肺痨的病理性质主要为(    )。,B,虚实挟杂,以阴虚为主,气阴亏损,阴阳两虚,,
肺痨病机为(    )。,A,阴虚火旺,肺热阴伤,燥热伤肺,肺经郁热,,
气阴耗伤型肺痨选用的方剂是（     ）。,D,补肺汤,生脉散合六君子汤,补天大造丸,保真汤,,
阴虚火旺型肺痨的治法是(    )。,C,养阴清肺,润肺杀虫,滋阴降火,滋阴清热,,
患者呛咳气急，痰少质粘，咯血色鲜红，午后潮热，五心烦热，颧红盗汗，舌红而干，苔薄黄或剥，脉细数，证属(    )。,A,阴虚火旺型肺痨,肺阴亏耗型咳嗽,肺阴亏虚型肺痨,恢复期肺痈,,
患者干咳少痰，痰中带血，胸部疼痛，潮热颧红，咽干口燥，舌质红，苔薄黄而少津，脉细数，方用(    )。,C,清燥救肺汤,秦艽鳖甲散,百合固金汤,月华丸,,
最早提出“治瘵疾，杀瘵虫”的著作是(    )。,D,《肘后备急方》,《备急千金要方》,《十药神书》,《仁斋直指方》,,
肺阴亏虚型肺痨的治法是(    )。,A,清热滋阴杀虫,养阴清肺止咳,养阴润肺，清热止咳,,,
最早记载脉律不齐是疾病表现的医著（     ）。,A,《内经》,《丹溪心法》,《伤寒论》,《金匮要略》,,
心悸病位在心，其发病与（    ）脏腑功能失调有关。,A,脾肾肺肝,肺脾肾胆,肝肾脾胃,心脾肝肾,,
患者心悸善惊易恐，坐卧不安，舌苔薄白，脉弦细，属心悸(    )证型。,A,心阳不振,阴虚火旺,心脾两虚,,,
阴虚火旺心悸的特点是(    )。,B,心悸遇劳而发,心悸心烦少寐,心悸咽干口燥,心悸头晕目眩,,
下列除(    )外，均为心脾两虚型心悸的主证。,B,心悸头晕,心悸易惊,面色无华,倦怠乏力,,
心悸咳喘，不能平卧，肢体浮肿，小便不利，舌淡胖，脉沉细无力，最佳方剂是(    )。,D,苓桂术甘汤,五皮饮,真武汤,,,
振奋心阳，化气行水适用于(    )证型之心悸。,A,水饮凌心,心阳不振,肾阳虚衰,心脾两虚,,
心悸胸闷，心痛时作，痛如针刺，唇甲青紫，舌紫暗，脉结代，此属(    )证型。,A,瘀血阻痹型胸痹,阳虚夹瘀型心悸,心阳不振型胸痹,,,
痰火扰心型心悸，最佳治疗方剂是(    )。,D,二陈汤,温胆汤,黄连阿胶汤,黄连温胆汤,,
下列(    )不是心悸的临床特点。,C,心中悸动不安,心悸不能自主,与气候变化有关,因情绪波动而发,,
患者心悸胸闷气短，面色苍白，形寒肢冷，舌淡苔白，脉虚弱，治宜(    )。,B,温补心阳，安神定悸,补益阳气，温振心阳,益气温阳，活血通络,,,
心血瘀阻型心悸宜选用方剂是(    )。,B,血府逐瘀汤,桃仁红花煎,通窍活血汤,丹参饮,,
提出胸痹病机为“阳微阴弦”的著作是(    )。,A,《金匮要略》,《世医得效方》,《证治准绳》,《时方歌括》,,
下列(    )不是胸痹的病因。,B,寒邪内侵,水饮凌心,饮食不当,情志失调,,
胸痹心痛病位在心，尚与(    )脏腑功能失调有关。,C,肝胆脾,肺脾肾,肝脾肾,肺肝肾,,
胸痹缓解期主要表现为心脾肾气血阴阳亏虚，最常见(    )。,D,脾气虚，脾阳虚,心血虚，心阴虚,肾气虚，肾阳虚,心气虚，心阳虚,,
当归四逆汤用于治疗何类型胸痹心痛?,B,气滞心胸,寒疑心脉,心气不足,心阳不足,,
患者疼痛剧烈，背痛彻心，心痛彻背，痛无休止，身寒肢冷，气短喘息，脉沉紧，治疗主方是(    )。,D,参附汤,血府逐瘀汤,乌头赤石脂丸,,,
气滞心胸的特点是(    )。,A,心胸满闷，痛无定处,心胸隐痛，胸闷气短,心痛彻背，背痛彻心,胸闷疼痛，心悸自汗,,
痰浊闭阻型胸痹心痛的治法是(    )。,C,清热化痰，宁心安神,活血化瘀，化痰通络,通阳泄浊，豁痰开结,健脾化浊，豁痰开窍,,
胸部刺痛，固定不移，入夜尤甚，心悸不宁，舌暗红，脉涩，方选(    )。,C,桃仁红花煎,桃红四物汤,通窍活血汤,,,
瘀血痹阻型胸痹心痛兼寒者，宜在活血化瘀，通脉止痛基础上加用(    )。,C,补中益气之品,温通散寒之晶,温振心阳之品,,,
治疗心肾阴虚型胸痹心痛的主方是(    )。,B,天王补心丹,左归饮,六味地黄丸,生脉散,,
下列(    )不是心阴亏损型胸痹心痛的主证。,D,心胸疼痛,心悸怔忡,五心烦热,面色晃白,,
心阳不振型胸痹心痛的治法是(    )。,A,补益阳气，温振心阳,温补心阳，安神定悸,温阳补肾，化气行水,补气回阳，散寒化浊,,
患者胸痛短气，汗出肢冷，面色苍白，甚则昏厥，舌淡苔白，脉微欲绝，宜选(    )。,D,栝蒌薤白半夏汤,乌头赤石脂丸,参附龙牡汤，,,,
苏合香丸治疗胸痹心痛属(    )。,A,寒凝气滞,心气不足,心阴亏损,痰火闭阻,,
阴虚火旺型胸痹心痛的治法(    )。,A,滋阴清火，养心安神,滋阴清热，养心安神,滋阴降火，清心安神,养阴清热，补心安神,,
“无痰不作眩”语出(    )。,C,《内经》,《伤寒论》,《丹溪心法》,《景岳全书》,,
提出“无虚不作眩”的医家是(    )。,A,明·张景岳,元·朱丹溪,汉·张仲景,宋·严用和,,
眩晕致病的病因性质为(    )。,D,风寒痰瘀虚,风火湿瘀虚,寒湿痰瘀虚,风火痰瘀虚,,
眩晕的病性以(    )为主。,C,寒,热,虚,实,,
下列(    )不是肝阳上亢所致眩晕主症。,C,眩晕耳鸣,急躁易怒,心中懊恼,头痛且胀,,
痰浊上蒙型眩晕的证候特点是(    )。,B,眩晕头重如裹,眩晕头重如蒙,眩晕耳鸣头胀痛,眩晕动则加剧,,
患者眩晕，头目胀痛，心烦口苦，渴不欲饮，苔黄腻，脉弦滑，治疗最佳方剂是(    )。,D,天麻钩藤饮,二陈汤,黄连温胆汤,,,
症见头晕头胀，口干口苦，烦躁易怒，胸胁胀痛，溲赤便秘，舌红苔黄腻，治宜(    )。,B,清肝泻火，清利湿热,清热化痰，通窍活络,清热泻火，平肝熄风,,,
补养气血、健运脾胃之法适用于眩晕兼有(    )。,C,急躁易怒,头重如蒙,面色晃白,胸闷作恶,,
症见头晕时作，气短懒言，神疲乏力，食少便溏下坠，脉无力者，宜用(    )。,A,归脾汤,人参健脾丸,半夏白术天麻汤,,,
气血亏虚型眩晕的特点是(    )。,D,眩晕头痛，耳鸣耳聋,眩晕神疲健忘，腰膝酸软,眩晕胸闷作恶，头重如蒙,头晕目眩，遇劳则发，面色觥白,,
将中风明确分为闭、脱二证的医家是(    )。,C,清·叶天士,清·王清任,明·李中梓,明·张景岳,,
在中风病因学中倡导“非风”学说的医家是(    )。,B,张仲景,张景岳,朱丹溪,李东垣,,
中风病因学说的发展可划分为两个阶段，其界限是(    )。,B,汉代,唐宋,金元,明代,,
中风的基本病机为(    )。,A,气血逆乱，上犯于脑，脑之神明失用,气血不足，清窍失养,痰浊瘀血，闭阻清窍,风火相煽，气血逆乱,,
下列(    )不属于中风的主证。,D,卒然昏仆,语言謇涩,半身不遂,醒后如常人,,
中经络与中脏腑的根本区别是(    )。,B,有无外邪侵袭,有无神志改变,有无半身不遂,有无口眼歪斜,,
中风卒然昏倒时，首先应辨清(    )。,C,虚证与实证,阴证与阳证,闭证与脱证,寒证与热证,,
下列(    )不是闭证、脱证的鉴别要点。,D,目合口开与口噤不开,手撒肢冷与两手握固,二便自遗与大小便闭,躁动不安与静而不烦,,
区分阳闭、阴闭的关键在于(    )。,A,有无热象,有无半身不遂,有无昏迷,有无痰鸣,,
中风病的治疗原则是(    )。,C,理气解郁,补养气血,补虚泻实,调整阴阳,,
中风脱证的治法是(    )。,D,益气活血，扶正祛邪,滋养肝肾，潜阳熄风,清热化痰，醒神开窍,救阴回阳，扶正固脱,,
预防中风病发生的关键是(    )。,D,调情志,慎起居,节饮食,重视先兆症状,,
中风阳闭可选用(    )。,A,清开灵,生脉注射液,参附注射液,黄芪注射液,,
患者突然出现半身不遂、口舌歪斜、舌强言謇、偏身麻木、头晕目眩、舌淡黯苔白腻、脉弦滑，证属(    )。,B,风痰瘀血，痹阻脉络,痰热腑实，风痰上扰,痰热内闭清窍,,,
清热化痰，醒神开窍治疗何类型中风?,C,痰湿蒙塞心神,元气败脱，神明散乱,痰热内闭清窍,痰热腑实，风痰上扰,,
最早提出“胃不和则卧不安”的医著(    )。,A,《黄帝内经》,《金匮要略》,《景岳全书》,《张氏医通》,,
失眠的病位在(    )。,C,脑,脾,心,肾,,
心神失养，心神不安是(    )病的病机。,D,心悸,中风,胸痹,失眠,,
症见多梦易醒，心悸头眩，肢倦纳差，舌淡苔白、脉细弱，治宜(    )。,D,清心泻火，宁心安神,益气镇惊，安神定志,补益心脾，养心安神,,,
症见心烦不寐，胸闷泛恶，头重目眩，口苦，舌红苔黄腻，脉滑数，宜选用(    )。,D,朱砂安神丸,丹栀逍遥散,黄连温胆汤,,,
心烦不寐，躁扰不宁，口舌生疮，小便短赤，舌红苔薄黄，脉细数，症属(  )。,A,痰热内扰,心脾两虚,阴虚火旺,,,
老年人夜寐早醒而无虚烦之症多属(    )。,B,肝肾阴虚,气血不足,心胆气虚,心火偏亢,,
肾精亏虚型健忘的最佳方剂是(    )。,A,六味地黄丸,归脾汤,杞菊地黄丸,安神定志丸,,
补益心脾，养心安神之法，适用于下列(    )病证。,B,心脾两虚型心悸,心脾两虚型失眠,心脾两虚型痫病,心脾两虚型癫病,,
最早提出“痴呆”病名的著作是(    )。,B,《灵枢·天年》,《景岳全书》,《金匮要略》,《辨证录》,,
认为痴呆“有可愈者，有不可愈者，都在乎胃气元气之强弱；的医家是(    )。,A,张仲景,陈士铎,李东垣,,,
实证痴呆的基本病因为(    )。,D,痰火,痰热,痰湿,痰瘀,,
痴呆最早出现的症状是(    )。,A,善忘,幻听幻视,动作笨拙,言辞颠倒,,
痴呆与健忘的根本区别是(    )。,A,不知前事与善忘前事,记忆力差,性格改变,判断力减退,,
痴呆的治疗大法(    )。,A,补虚益损，解郁散结,虚者补之，实者泻之,寒者热之，热者寒之,调整阴阳，移情易性,,
患者头晕耳鸣，记忆力减退，嗜睡，毛发稀疏，腰酸骨软，舌瘦色淡，脉沉细弱，宜选用方剂为(    )。,B,七福饮,大补元煎,归脾汤,,,
表情呆钝，智力衰退，终日无语，头重如裹，多属(    )。,D,气血不足,瘀血内阻,髓海不足,痰浊蒙窍,,
表情迟钝，语言不利，记忆力减退，易惊恐，肌肤甲错，舌质暗，脉细涩，治宜(    )。,B,活血化瘀，开窍醒脑,益气活血，扶正祛邪,活血化瘀，通窍活络,,,
强调痫病与先天因素有关，治疗以针刺为主的著作是(    )。,A,《内经》,《诸病源候论》,《难经》,《医宗必读》,,
痫病发病最重要的外因是(    )。,C,火邪,湿邪,痰邪,风邪,,
痫病七情失调主要责之于(    )。,D,喜,怒,忧思,惊恐,,
痫病的病机关键为(    )。,A,元神失控,气血逆乱,清窍蒙蔽,七情失调,,
痫病治标大法是(    )。,D,化痰宁神开窍,化痰清热开窍,清肝泻火开窍,开窍醒神豁痰,,
诊断痫病最有意义的实验室检查是(    )。,A,脑电图,脑血流图,心电图,颅脑,,
阳痫与阴痫主要区别在于(    )。,B,寒热不同,虚实各异,表里不—,阴阳有别,,
清开灵注射液用于治疗痫病(    )。,C,痰火扰神型,风痰闭阻型,发作期阳痫,发作期阴痫,,
开窍醒神，温化痰涎用于何型痫病?,C,阳痫,痰火扰神,阴痫,风痰闭阻,,
痫病头部刺痛，精神恍惚，头晕心烦，舌紫暗，脉弦细，治宜(    )。,C,活血化瘀，扶正祛邪,补气化瘀，定风止痛,活血化瘀，通窍活络,,,
患者痫病频作，神思恍惚，面色晦暗，头晕目眩，两目干涩，腰膝酸软，舌红苔薄黄，脉沉细而数，治宜选用(    )。,A,定痫丸,温胆汤,六味地黄丸,,,
癫病病名最早见于(    )。,A,《内经》,《难经》,《千金方》,《证治准绳》,,
(    )医家首创用活血化瘀法治疗癫病与狂病。,D,王肯堂,张仲景,张景岳,王清任,,
癫病的发病(    )脏最重要。,C,肾,肝,心,脾,,
癫病的治疗原则是(    )。,A,理气解郁，畅达神机,开窍醒神，温化痰涎,清肝泻火，化痰开窍,补益心脾，理气化痰,,
癫病情绪不宁，善怒易哭，善太息，胸胁胀闷，舌淡苔薄白，脉弦。证属(    )。,C,痰火内结,肝郁气滞,气阴两虚,,,
癫病的临床共有特征为(    )。,A,精神失常,精神抑郁,沉默不语,记忆力差,,
症见癫病神志恍惚，多言善惊，躁扰不宁，口干舌燥，面红形瘦，舌红少苔，脉细数，治宜(    )。,A,清心宁神,滋阴潜阳,安神定志,,,
提出狂病多因于火，治以清火为主的著作是(    )。,D,《内经》,《医林改错》,《难经》,《景岳全书》,,
首创狂病“气血凝滞说”的医家是(    )。,C,明·王肯堂,明·张景岳,清·王清任,近·张锡纯,,
狂病病位在心脑，与(    )脏腑功能失调关系密切。,C,肝脾胃,肺脾肾,肝胆脾,心肝肾,,
清泄肝火，涤痰醒神法适用于(    )病证。,B,癞病痰火郁结型,狂病痰火扰神型,痫病痰火扰神型,狂病痰结血瘀型,,
通窍活血汤加味治疗何类型狂病?,B,痰结血瘀,瘀血阻窍,痰火扰神,火盛伤阴,,
狂病日久，势减而略疲惫，多言善惊，时而烦躁，形瘦面红，舌红，脉细数，宜用(    )。,B,二阴煎,生铁落饮,控涎丹,,,
育阴潜阳、交通心肾适用于何型狂病?,A,心肾失调,火盛伤阴,痰结血瘀,痰火扰神,,
痰结血瘀型狂病治宜(    )。,D,清泄肝火，涤痰醒神,理气解郁，化痰醒神,活血化瘀，通络开窍,豁痰化瘀开窍,,
狂病预防调摄的关键是(    )。,B,调饮食,调情志,防意外,慎起居,,
胃痛寒邪客胃型宜选用(    )。,D,保和丸,黄芪建中汤,。柴胡疏肝散,良附丸,,
柴胡疏肝散治疗胃痛的适应证是(    )。,B,肝胃郁热证,肝气犯胃证,。胃阴亏虚证,瘀血停滞证,,
《千金要方》中有九种心痛，实际是指(    )。,B,胸痹,胃痛,腹痛,痞证,,
下列(    )不是脾胃湿热胃痛的主症。,B,胸脘痞闷,脘中灼热,口粘口苦,大便干燥,,
寒邪客胃型胃痛的主要临床特征是(    )。,A,胃痛暴作,胃痛胀满,胃脘胀闷,胃脘灼热,,
下列(    )不是肝气犯胃型胃痛的主症。,A,胃痛隐隐,攻撑作痛,脘痛连胁,嗳气频繁,,
下列(    )不足脾胃虚寒型胃痛的主症。,B,胃痛隐隐,口燥咽干,喜温喜按,空腹痛甚,,
治疗脾胃虚寒型胃痛的代表方剂是(    )。,A,黄芪建中汤,柴胡疏肝散,归脾汤,四神丸,,
患者胃脘疼痛，得食更甚，嗳腐吞酸，舌苔厚腻，脉滑有力证属(    )型胃痛。,D,寒邪客胃,肝气犯胃,瘀血停滞,饮食停滞,,
胃痛的发生与下列(    )脏器无关。,C,肝,胆,心,脾,,
瘀血停滞型胃痛的临床特征可见(    )。,B,胃脘胀痛,胃痛如针刺,胃脘灼热疼痛,胃痛隐隐,,
诊断胃阴亏虚型胃痛主要症状是(    )。,B,胃痛隐隐,胃脘隐隐灼痛,胃脘灼热疼痛,胃脘胀痛,,
患者胃脘灼痛，喜冷恶热，泛酸嘈杂，口干口苦，舌红少苔，脉弦数选何法治疗(    )。,C,养阴益胃，和中止痛,清热化湿，理气和中,疏肝理气，泄热和中,活血化瘀，理气止痛,,
治疗肝胃郁热型胃痛的最佳选方是(    )。,A,丹栀逍遥散合左金丸    清中汤,益胃汤合芍药甘草汤,柴胡疏肝散,,,
治疗瘀血停滞型胃痛的最佳方药是(    )。,B,血府逐瘀汤,失笑散合丹参饮,膈下逐瘀汤,柴胡疏肝散,,
胃痞与(    )脏器有关。,C,心胃,胃肝胆,胃肝脾,肺胃,,
下列(    )不是胃痞的主证。,C,胃脘痞满,满闷不舒,按之痛,视之无胀大之形,,
胃脘痞满闷塞，胸闷胀满不舒，心烦易怒，喜太息，恶心嗳气，大便不爽，苔薄白，脉弦，此属(    )病证。,D,肝气犯胃型胃痛,肝胃郁热型胃痛,脾胃湿热型胃痛,肝郁气滞型胃痛,,
胃脘痞满，灼热急迫，按之满甚，心中烦热，咽干口燥，渴喜饮冷，身热汗出，大便干结，舌红苔黄，脉滑数，治当何法?,A,泻热消痞，理气开结,消食导滞，行气消痞,疏肝解郁，理气消痞,燥湿化痰，理气宽中,,
某，女性，45岁，胃脘痞闷5年，经治未愈。现仍胃脘痞闷不舒，时轻时重，喜食热食，按胃部症状减轻，无食欲感，身倦乏力，大便溏薄，舌淡苔薄白，脉弱。治疗主方为(    )。,B,附子理中汤,补中益气汤,归脾汤,四神丸,,
胃痞的基本病机，下列(    )是对的。,A,脾胃功能失调，升降失司，胃气壅塞,脾胃功能失调，肝气郁结,肺气虚、外邪内陷,胸阳痹阻,,
痞满的辨证要点是(    )。,B,辨表里寒热,辨寒热虚实,辨寒热阴阳,辨真假虚实,,
痞满的治疗原则是(    )。,A,调理脾胃，理气消痞,调理脾胃，温中补虚,调理脾胃，行气宽胸,调理脾胃，温通心阳,,
痞满实证的治疗原则，下列(    )是错误的。,D,泻热,消食,化痰,泻肺,,
饮食停滞型胃痞证，选用的方剂是(    )。,D,越鞠丸,大黄黄连泻心汤,柴胡疏肝散,保和丸,,
二陈汤合平胃散适用于(    )证。,A,痰湿内阻型痞满,痰湿中阻型眩晕,饮邪上犯型心悸,痰湿阻肺型咳嗽,,
胃痞饮食停滞证，可见(    )。,C,胃脘痞满，按之尤甚,嗳腐吞酸，恶心呕吐,两者均可,两者均无,,
《伤寒论》创新治痞满祖方为(    )。,A,诸泻心汤,小陷胸汤,大陷胸汤,小柴胡汤,,
治疗虚痞重在(    )。,C,调理肠胃,益胃柔肝,补益脾胃,补气和胃,,
大黄黄连泻心汤的适应症是(    )。,B,痰湿内阻痞证,邪热内陷痞证,痰湿化热痞证,饮食停滞痞证,,
腹痛的治疗大法是(    )。,D,疏肝为大法,补气为大法,止痛为大法,以通为大法,,
寒邪内阻型腹痛的治法是(    )。,A,温里散寒,甘温益气,温中健脾,温中补虚,,
治疗中虚脏寒腹痛的选方是(    )。,C,理中汤,大建中汤,小建中汤,香砂六君子,,
某女，36岁，腹部胀痛2天，痞满拒按，得热痛增，遇冷则减大便秘结，小便短赤，苔黄燥，脉滑数。治疗应选(    )。,A,通腑泻热，行气导滞,消食导滞,疏肝泄热，通便,清热利湿,,
饮食停滞型腹痛的治法是(    )。,D,疏肝和胃,健脾和胃,益气和胃,消食导滞,,
某男，26岁，因情志不舒而发腹痛，胀满不舒，痛引两胁，攻窜不定，得暖气矢气则舒，苔薄白，脉弦。治疗应选(    )为最佳。,D,越鞠丸,枳实消导丸,香砂六君子,柴胡疏肝散,,
瘀血阻滞型腹痛的首选方是（   ）。,D,膈下逐瘀汤,身痛逐瘀汤,血府逐瘀汤,少腹逐瘀汤,,
治疗各型腹痛的首选方，下列(    )是错误的。,D,中虚脏寒型用小建中汤,饮食停滞型用枳实消导丸,寒邪内阻型用良附丸合正气天香散,湿热积滞型用大黄黄连泻心汤,,
治疗“腹中寒气，雷鸣切痛，胸胁逆满，呕吐”的附子粳米汤出自(    )。,A,《金匮要略》,《诸病源候论》,《医学发明》,《伤寒论》,,
下列(    )病不属于腹痛的范围。,D,急性胰腺炎,胃肠痉挛,不完全性肠梗阻,冠心病,,
“饮食自倍，肠胃乃伤。”出自(    )。,D,《证治汇补·腹痛》,《金匮要略》,《诸病源候论》,《素问·痹论篇》,,
瘀血腹痛的特点是(    )。,C,腹部胀痛，得热痛剧,腹痛急起，得温痛减,腹痛如针刺，痛处固定拒按,脘腹疼痛，痛引两胁,,
中虚脏寒腹痛的特点是(    )。,B,脘腹胀痛，疼痛拒按,腹痛绵绵，痛时喜按,脘腹疼痛，胀满不舒,腹痛急起，剧烈拘急,,
湿热积滞型腹痛的脉象为(    )。,B,沉紧,滑数,弦,细涩,,
瘀血阻滞型腹痛的舌质为(    )。,A,舌紫暗或有瘀斑,舌质淡,舌质绛红,以上均是,,
湿热积滞腹痛的首选方是(    )。,B,小承气汤,大承气汤,大黄黄连泻心汤,龙胆泻肝汤,,
湿热积滞型腹痛的舌苔多见(    )。,D,苔厚腻,苔薄黄,苔黄,苔黄燥或苔黄腻,,
呕吐的基本病机是(    )。,B,中气不足，胃失所养,胃失和降，胃气上逆,肝失条达，横逆犯胃,气机阻滞，胃气上逆,,
呕吐与哪些脏器有关(    )。,B,肝胆胃,肝脾胃,脾胃肾,肝胆脾,,
呕吐的治疗原则是(    )。,A,和胃降逆止呕,补虚和胃,疏肝和胃,消食和胃,,
吐酸的基本病机为(    )。,D,胃热,胃寒,饮食停滞,肝气犯胃,,
痰饮内停型呕吐的病因是(    )。,B,外感湿邪,饮食所伤,六淫犯胃,病后体虚,,
肝气犯胃型呕吐的病机是(    )。,A,肝气犯胃，胃失和降,肝气犯胃，脾胃失和,肝气乘脾，脾胃虚弱,肝胃失调，升降失司,,
某患者突然呕吐，呕吐量多，呕吐物多酸腐臭秽，脉实有力，辨证属(    )。,B,虚证,实证,虚实挟杂证,以上均不是,,
胃阴不足型呕吐的治疗法则是(    )。,B,益气健脾，滋养胃阴,滋养胃阴，和胃降逆,健脾养胃，降逆止呕,滋养胃阴，养胃止呕,,
胃中虚寒的呕吐物为(    )。,B,呕吐少量粘液,泛吐清水,吐酸水绿水,以上均可见,,
脾胃虚弱型呕吐的治法是(    )。,C,健脾益胃，和胃降逆,补益脾胃，降逆止呕,益气健脾，和胃降逆,滋养脾胃，和胃止呕,,
四逆散合半夏厚朴汤可用于治疗(    )。,C,痰饮内停型呕吐,胃阴不足型呕吐,肝气犯胃型呕吐,饮食停滞型呕吐,,
外邪犯胃型呕吐可选用(    )。,B,小柴胡汤,藿香正气散,小半夏汤,保和丸,,
保和丸适用于何型呕吐?,B,外邪犯胃型,饮食停滞型,肝气犯胃型,痰饮内停型,,
某女，45岁，呕吐吞酸数天，伴胸胁胀满，烦闷不舒，嗳气频作，遇心情不舒则加重，舌苔薄白，脉弦，诊断为(    )呕吐。,B,饮食停滞型,肝胆郁热型,肝气犯胃型,肝阴不足型,,
治疗脾胃虚弱呕吐可选(    )。,B,旋覆代赭石汤,香砂六君子汤,小建中汤,理中汤,,
某女，呕吐反复发作月余，但呕吐量不多，时作干呕，饥而不欲食，舌红少津，脉细数，治疗宜选(    )为宜。,A,麦门冬汤,香砂六君子汤,小柴胡汤,小半夏汤,,
左金丸适用于(    )。,B,寒证吐酸,热证吐酸,胃虚嘈杂,胃热嘈杂,,
胃热嘈杂可选(    )。,B,左金丸,温胆汤,麦门冬汤,龙胆泻肝汤,,
吐酸，唾涎沫，喜热食，四肢不温，大便溏泄，舌淡苔白，迟，应选(    )。,B,温胃补虚，降逆制酸,温中散寒，降逆制酸,温中健脾，和胃制酸,舒肝健脾，降逆制酸,,
呃逆的主要病机是(    )。,C,肝气犯胃,肺气不宣,胃气上逆动膈,胃气阻滞,,
呃逆的病位主要在(    )。,B,胃,膈,肺,肝,,
寒型呃逆可见(    )。,A,呃声沉缓而有力,呃声洪亮有力,呃声时断时续，呃声低长,呃声响亮声频有力,,
寒型呃逆的治法是(    )。,A,温中散寒，降逆上呃,温补脾胃，和中降逆,温胃散寒,养胃降逆止呃,,
胃火上逆，腑气不通，痞满便秘者可选(    )。,B,竹叶石膏汤,小承气汤,凉膈散,大柴胡肠,,
胃火上逆型呃逆可用,C,小柴胡汤,小半夏汤,竹叶石膏汤,小承气汤,,
胃中寒冷型呃逆最佳选方是(    )。,B,旋复代赭石汤,丁香散,理中汤,吴茱萸汤,,
气机阻滞型呃逆可用(    )。,A,五磨饮子,柴胡疏肝散,小柴胡汤,小半夏汤,,
脾胃阳虚之呃逆治法是(    )。,D,温胃散寒，和中降逆,温补脾胃，和中止呕,温补脾胃，和中止呃,温补脾胃，和中降逆,,
理中汤治疗何型呃逆?,B,胃中寒冷,脾胃阳虚,胃阴不足,脾胃气虚,,
某女，呃逆10余天，呃声短促而不得续，伴口干咽燥，烦躁不安，大便干结，舌质红，苔少而干，脉细数，治疗可用(    )。,B,竹叶石膏汤,益胃汤,大补阴丸,麦门冬汤,,
某男，呃逆七天余，呃声低长无力，气不得续，脘腹不舒，喜温喜按，面色觥白，手足不温，食少便溏，舌质淡，苔薄白，脉细弱，治疗应选(    )。,A,理中汤,丁香散,金匮肾气丸,补中益气汤,,
气机阻滞型呃逆的治法是(    )。,B,舒肝和胃止呃,顺气解郁，降逆止呃,舒肝健脾和胃,理气和胃止呃,,
对危重病证中出现呃逆当如何处理?,B,和胃降逆止呃,急当救护胃气,补中益气止呃,以上均不是,,
呃声短促不得续，烦躁不安，腰膝酸软，五心烦热，脉细数，胃肾阴虚致者治疗用(    )。,C,麦门冬汤,益胃汤,大补阴丸,沙参麦冬汤,,
噎膈的病位在(    )。,D,胸膈,胃,肺,食道,,
噎膈属(    )脏腑所主。,B,肝,胃,肺,脾,,
瘀血内结型噎膈的治法是(    )。,B,破结行瘀，疏肝和胃,破结行瘀，滋阴养血,破结行瘀，宽胸宣肺,破结行瘀，消导和胃,,
津亏热结型噎膈的治法是(    )。,A,养阴生津，泻热散结,养阴生津，破结行瘀,养阴生津，宣肺理气,养阴生津，顺气散结,,
噎膈瘀血内结型的选方是(    )。,C,血府逐瘀汤,膈下逐瘀汤,通幽汤,沙参麦冬汤,,
沙参麦冬汤适用于(    )型噎膈。,A,津亏热结,气阴两虚,痰气交阻,气虚阳微,,
痰气交阻型噎膈的治法是(    )。,B,破结行瘀，化痰散结,开郁化痰，润燥降气,破结行瘀，滋阴养血,理气泻热散结,,
痰气交阻型噎膈的选方用(    )。,C,半夏厚朴汤,二陈汤,启膈散,小半夏汤,,
“饮食不下，膈塞不通，邪在胃脘”出自(    )。,B,《太平圣惠方·第五十卷》,《灵枢·四时气》,《医学心悟·噎膈》,《临证指南医案》,,
气虚阳虚型噎膈的治法是(    )。,A,温补脾肾，益气回阳,补益中气,益气回阳，降气和胃,益气和胃,,
反胃的治法是(    )。,B,温补脾肾，降气和胃,温中健脾，降气和胃,疏肝健脾，降气和胃,益气和胃,,
呕吐与进食有明显关系的病证是(    )。,C,呕吐,呃逆,反胃,噎膈,,
反胃的症状特点是(    )。,B,食入即吐,朝食暮吐，暮食朝吐,恶心即吐,气郁即吐,,
某男，34岁，呕吐月余，朝食暮吐，暮食朝吐，吐前胃脘剧吐出物为不消化食物，伴神疲乏力，面色少华，便溏，舌淡，苔薄白细缓。治疗应选何方?,B,理中汤,丁香透膈散,小半夏汤,吴茱萸汤,,
进食梗阻，食不得下，滴水难进，伴胸膈疼痛，面色暗黑，形体消瘦，时而呕吐，吐物为咖啡色，便干难解，舌质暗有瘀斑，苔白脉涩，治疗当选(    )。,B,沙参麦冬汤,通幽汤,启膈散,十全大补汤,,
泄泻发生的关键因素是(    )。,D,脾失健运,脾肾失运,大肠传导失常,脾虚湿盛,,
泄泻的治疗原则是(    )。,C,温补脾肾,涩肠止泻,运脾祛湿,抑肝健脾,,
藿香正气散治疗泄泻适用于(    )。,B,脾虚泄泻,寒湿泄泻,伤食泄泻,湿热泄泻,,
湿热泄泻的最佳选方是(    )。,D,小承气汤,保和丸,六一散,葛根芩连汤,,
湿热泄泻的治法是(    )。,B,清暑利湿,清肠利湿,清热化湿,清热止泻,,
黎明前脐腹作痛，肠鸣即泻，泻后即安，泻下有不消化食物，小腹冷痛，形寒肢冷，腰膝酸软，舌淡苔白，脉细弱，治疗可用(    )。,B,附子理中汤,四神丸,参苓白术散,藿香正气散,,
导致泄泻发生的主要因素是(    )。,D,寒,热     ,暑,湿,,
胸胁胀闷，嗳气食少，抑郁恼怒或紧张则腹痛泄泻，舌淡红，脉弦，治疗可选(    )。,C,逍遥散,柴胡疏肝散,痛泻要方,六磨汤,,
寒湿泄泻可选用(    )。,D,正气天香散,良附丸,四神丸,藿香正气散,,
泄泻清稀，甚则如水样，腹痛肠鸣，脘闷食少，恶寒发热身痛，苔薄白，脉浮。治疗选(    )为宜。,B,藿香正气散,荆防败毒散,胃苓汤,理中丸,,
夏暑期间泄泻腹痛，泻下急迫，肛门灼热，身热头重、烦渴自汗，小便短赤，脉濡数。治疗当选(    )。,B,葛根芩连汤,新加香薷饮合六—,银翘解毒散,芍药甘草汤,,
腹痛泄泻，泻而不畅，臭如败卵，伴有不消化食物，脘腹胀满，泻而不畅，嗳腐酸臭，不思饮食，脉滑。治疗宜用(    )。,B,保和丸,枳实导滞丸,小承气汤,越鞠保和丸,,
脾虚泄泻久治不愈而见腹中冷痛，喜温喜按，手足不温，选用(．  )治疗最佳。,B,参苓白术散,附子理中汤,补中益气汤,四神丸,,
补中益气汤适用于(    )。,B,脾虚泄泻,久泻中气下陷,久泻肾阳不足,以上均可,,
治疗泄泻提出“通因通用”法的是(    )。,C,《素问·宣明五气篇》,《医宗必读·泄泻》,《金匮要略·呕吐哕下利病脉证治》,《素问·举痛论》,,
便秘的病位在(    )。,C,脾,小肠,大肠,胃,,
阴寒凝滞型便秘的治法是(    )。,C,温阳润肠,温脾润肠,温里散寒，通便导滞,温肾润肠,,
血虚便秘选(    )治疗为宜。,B,当归羊肉汤,润肠丸,麻子仁丸,四物汤,,
大便艰涩，排出困难，小便清长，面色觥白，四肢不温，喜热怕冷，腹中冷痛，舌淡苔白，脉沉迟，此便秘属(    )。,C,气虚便秘,血虚便秘,阳虚便秘,气秘,,
麻子仁丸治便秘的作用是(    )。,C,补气润肠，健脾升阳,养血润肠,泻热导滞，润肠通便,滋阴润肠通便,,
气机郁滞型便秘选(    )治疗最佳。,A,六磨汤,龙胆泻肝汤,柴胡疏肝散,小承气汤,,
大黄附子汤适用于(    )便秘。,C,气虚便秘,阳虚便秘,阴寒积滞,气机阻滞,,
血虚便秘的治法是(    )。,B,滋阴养血通便,养血润肠,补气养血通便,温肾养血润肠,,
阳虚便秘的最佳选方是(    )。,B,金匮肾气丸,济川煎,理中汤,小建中汤,,
阳虚便秘的治法是(    )。,B,益气温脾通便,温阳润肠,补气润肠,补气滋阴润肠,,
阴虚便秘的治法是(    )。,B,补气滋阴，润肠通便,滋阴润肠通便,养血润肠通便,益气养血通便,,
阴虚便秘的最佳选方是(    )。,D,沙参麦冬汤,益胃汤,六味地黄汤,增液汤,,
气机阻滞便秘的治法是(    )。,B,疏肝顺气通便,顺气导滞,降气调脾导滞,疏肝健脾导滞,,
肠胃积滞便秘服药后大便已通但通而不爽，为通腑缓下，以免再秘，选(    )最佳。,B,六磨汤,青麟丸,润肠丸,麻仁滋脾丸,,
血虚便秘经治疗后血虚已复，大便仍干燥者，可选（  ）为最佳。,B,润肠丸,五仁丸,麻仁滋脾丸,六味地黄丸,,
蛔虫喜寄生在(    )。,B,大肠,小肠,胆,胃,,
引起蛔虫病的病因是(    )。,A,误食沾有蛔虫卵的生冷蔬菜、瓜果,脾胃虚弱,过食寒凉药物,食腐败之食物,,
乌梅丸适用于蛔虫病的(    )较好。,A,腹痛不甚或腹不痛者,驱虫后，脾胃运化未恢复者,蛔虫钻入阑门者,,,
蛔虫病，病情轻者宜选(    )。,B,乌梅丸,化虫丸,香砂六君子汤,小承气汤,,
蛔虫病，病情轻者的治法是(    )。,B,以安蛔为主,以驱蛔为主,以泻下为主,调理脾胃为主,,
患蛔虫病已久，面黄肌瘦，脐周痛，作止无定，大便中蛔虫，不思饮食，喜食煤渣。治疗时选(    )为宜。,C,化虫丸,乌梅丸,香砂六君子汤,附子理中丸,,
患者腹痛剧烈，恶心欲吐，呕吐物中带有蛔虫，素有吐蛔病史，睡中磨齿流涎。治疗当选(    )。,B,驱蛔，健运脾胃,安蛔，健运脾胃,健运脾胃,以上均可,,
预防蛔虫病的措施是(    )。,B,增强体质,养成清洁卫生的习惯,常服驱蛔药,以上均是,,
粪毒犯肤型钩虫病的治法是(    )。,B,杀虫宣肺,杀虫止痒,杀虫健脾,杀虫补气,,
粪毒犯肤型钩虫病选(    )治疗为宜。,B,乌梅丸,桃叶泄毒汤,黄病绛矾丸,止嗽散,,
止嗽散用于(    )钩虫病。,C,脾虚湿滞型,气血两虚型,虫邪犯肺型,粪毒犯肤型,,
虫邪犯肺型钩虫病治法是(    )。,B,宣肺杀虫,宣肺化痰止咳,补肺健脾,补益气血止咳,,
患者面色萎黄而虚浮，善食易饥，食后腹胀，异嗜生米，神疲肢软，舌淡苔薄，脉濡。治疗选(    )为宜。,B,桃叶泄毒汤,黄病绛矾丸,八珍汤,补中益气汤,,
脾虚湿滞钩虫病的治法是(    )。,A,健脾燥湿，和中补血,补益气血,益气健脾燥湿,健脾燥湿杀虫,,
某患者颜面、肌肤苍白，面足浮肿，脘闷不舒，倦怠乏力，精神不振，心悸气短，舌质淡胖，脉弱，治疗当选(    )。,A,八珍汤加减,香砂六君子汤加减,人参归脾汤加减,桃叶泄毒汤加减,,
钩虫病气血两虚型的治法是(    )。,B,补中益气,补益气血,补气健脾,补气杀虫,,
绦虫病的高发区是(    )。,C,北方,南方,喜食生肉的地区,喜食烧烤者,,
治疗绦虫病选用(    )为宜。,A,槟榔,乌梅丸,桃叶泄毒汤,化虫丸,,
诊断黄疸必具的症状是(    )。,C,尿黄,面黄,目黄,身黄,,
患者身面黄无泽诊为(    )。,C,阴黄,黄胖,萎黄,黄疸,,
引起黄疽最主要的病邪是(    )。,B,痰湿之邪,湿浊之邪,痰浊之邪,寒饮之邪,,
阴黄的致病因素是(    )。,D,寒邪,湿热,水湿,寒湿,,
首先提出阴黄阳黄辨证论治的著作是(    )。,D,《外台秘要》,《诸病源候论》,《丹溪心法》,《卫生宝鉴》,,
“黄家所得，从湿得之”出自(    )。,B,《伤寒论》,。《金匮要略》,《丹溪心法》,《景岳全书》,,
《金匮要略》提出“黄疸”治法可用(    )。,A,利小便法,汗法,吐法,泻法,,
黄疸由湿邪所致，若湿从热化其治疗原则是(    )。,A,清热利湿,清热退黄,清热利胆,清热燥湿,,
阳黄热重于湿宜用的方剂是(    )。,A,茵陈蒿汤,茵陈五苓散,茵陈术附汤,尤胆泻肝汤，,,
急黄的致病因素是(    )。,A,湿热挟时邪疫毒,湿热内蕴、蒙闭心包,肝胆郁热阻滞,湿热熏蒸、湿遏热伏,,
阳黄的致病因素是(    )。,C,寒湿,湿浊,湿热,痰湿,,
患者身目发黄鲜明，右胁剧痛、发热、口苦咽干，舌红苔黄，脉弦滑数，辨证为(    )。,A,胆腑郁热型阳黄,湿重于热型阳黄,热重于湿型阳黄,寒湿阻遏型阴黄,,
黄疸由湿邪所致，若湿从寒化其治则是(    )。,C,温中燥湿,湿通中焦,温中化湿,温中健脾,,
患者身目发黄如橘皮，身热不扬，纳呆便溏，厌油腻，恶心呕吐，口粘不渴，小便不利，舌苔厚腻微黄，脉濡缓或脉弦滑，证属(    )。,A,湿重于热,热重于湿,胆腑郁热,寒湿阻遏,,
黄疸病久在治疗上应注重(    )。,C,补气养血,攻补兼施,扶助正气,先补后攻,,
患者面目及肌肤发黄，黄色较淡，面色无华，唇淡，心悸气短，倦怠乏力，舌淡苔白脉细弱，辨证为(    )。,C,脾虚湿郁型黄疸,心脾两虚型心悸,脾虚血亏型黄疸,脾胃虚弱型萎黄,,
脾虚血亏型阴黄选用的方剂是(    )。,B,归脾汤,小建中汤,参苓白术散,六君子汤,,
患者身目俱黄，黄色较淡，食欲不振，心悸气短，倦怠乏力，便溏，舌淡苔白，脉濡细，可辨证为(    )。,A,脾虚湿郁型黄疽,脾虚血亏型阴黄,寒湿阻遏型阴黄,气血亏虚型萎黄,,
脾虚湿郁型阴黄选用方药是(    )。,B,归脾汤,六君子加茵陈、柴胡,茵陈五苓散,黄芪建中汤,,
下列(    )不是胁痛的病理因素。,D,气滞,血瘀,湿热蕴结,痰阻中焦,,
《内经》明确指出了胁痛的发生主要是(    )。,A,肝胆病变,肝胃病变,脾胃病变,经络病变,,
胁肋刺痛固定不移、拒按，舌质紫暗，脉沉弦，可选用的方剂是(    )。,C,膈下逐瘀汤,金铃子散合失笑散,血府逐瘀汤,身痛逐瘀汤,,
治疗肝阴不足的胁痛可用养阴柔肝法，著名的方剂是(    )。,A,一贯煎,六味地黄丸,滋水清肝饮,化肝煎,,
胁痛肝气郁结型的治法(    )。,B,理气通络,疏肝理气,理气柔肝,疏肝通络，,,
患者胁肋痛走窜不定，情志不舒则痛增，善太息，苔薄白，脉弦，辨证为(    )。,A,肝气郁结胁痛,血瘀阻络胁痛,肝气犯胃胃痛,肝胆气郁胆胀,,
胁痛虚证的治疗原则是(    )。,A,滋阴养血柔肝,补肝益气通络,疏肝健脾和胃,温经养血疏肝,,
患者胁肋胀痛拒按或引及肩部伴脘闷纳呆，恶心呕吐，厌油腻，口干口苦或有黄疸，舌苔黄腻，脉弦滑，可辨证为(    )。,B,湿重于热型黄疸,湿热蕴结型胁痛,热重于湿型黄疸,肝胆湿热型胆胀,,
湿热蕴结型胁痛选用的方剂是(    )。,B,茵陈蒿汤,龙胆泻肝汤,茵陈四苓汤,柴胡疏肝散,,
血瘀阻络型胁痛的治法是(    )。,B,疏肝理气化瘀,活血化瘀、理气通络,活血化瘀、疏肝理气,理气活血,,
最早记载胆胀病名的著作是(    )。,A,《内经》,《伤寒杂病论》,《临证指南》,《柳州医话》,,
患者右胁灼热疼痛，口苦咽干，面红目赤，便秘、溲短赤，心烦失眠，舌红，苔黄厚而干，脉弦数，辨证为(    )。,B,湿热蕴结胁痛,胆腑郁热型胆胀,胆腑郁热型黄疸,肝胆气郁型胆胀,,
肝胆气郁型胆胀和肝气郁结型胁痛均可选用(    )。,A,柴胡疏肝散,金铃子散合失笑散,清胆汤,五磨子饮,,
右胁刺痛，痛处固定，面色晦暗，口干口苦，舌质紫暗，脉弦细涩，选用的方药是(    )。,B,血府逐瘀汤,四逆散合失笑散,身痛逐瘀汤,膈下逐瘀汤,,
胆腑郁热型胆胀治疗方剂是(    )。,C,龙胆泻肝汤,大柴胡汤,清胆汤,茵陈蒿汤,,
患者右胁隐痛，有灼热感，口燥咽干，急燥易怒，胸中烦热，头晕目眩，午后低热，舌红少苔，脉细数辨证为(    )。,B,肝阴不足型胁痛,阴虚郁滞型胆胀,阳虚郁滞型胆胀,脾虚血亏型阴黄,,
患者右胁隐痛，时作时止，呕吐清水畏寒肢冷，神疲乏力，气短懒言，舌淡苔白，脉弦弱无力辨证为(    )。,A,阳虚郁滞型胆胀,阴虚郁滞型胆胀,脾虚血亏型阴黄,寒湿阻遏型阴黄,,
温阳益气，疏肝利胆法可适用于(    )。,C,脾虚血亏型阴黄,肝气郁滞型胁痛,阳虚郁滞型胆胀,气滞血瘀型胆胀,,
胆胀阳虚郁滞的治疗方药是(    )。,B,一贯煎,理中汤加味,四逆散,大建中汤,,
胆胀气滞血瘀的治疗法则是(    )。,B,理气活血、通络止痛,疏肝利胆、理气活血,疏肝理气、活血化瘀,活血化瘀、理气解郁,,
下列哪项不是鼓胀的病因(    )。,B,情志所伤,外感六淫,酒食不节,黄疽积聚日久,,
鼓胀的临床主症(    )是错误的。,D,腹胀大如鼓,皮色苍黄,脉络暴露,腰以下浮肿,,
最早记载鼓胀病证的著作是(    )。,B,《肘后备急方》,《内经》,《金匮要略》,《诸病源候论》,,
鼓胀气滞湿阻的治疗法则是(    )。,A,疏肝理气  健脾利水,疏肝解郁  燥湿健脾,理气解郁  健脾利水,疏肝理气  健脾化湿,,
鼓胀病变部位在(    )。,B,肝脾胃,肝脾肾,肝胆脾,肝胆肾,,
鼓胀总的治疗原则是(    )。,A,攻补兼施,先补后攻,先攻后补,攻逐水饮,,
患者腹大胀满，按之如囊裹水，胸脘胀满，得热则舒，身困重，畏寒肢冷，面浮，便溏，苔白腻水滑，脉弦迟，辨证为(    )。,B,寒湿阻遏型黄疸,寒湿困脾型鼓胀,脾肾阳虚型鼓胀,湿热蕴结型鼓胀,,
实脾饮用于治疗(    )型鼓胀。,C,气滞湿阻,脾肾阳虚,寒湿困脾,湿热蕴结,,
清热利湿，攻下逐水的治疗法则适用于(    )。,A,湿热蕴结型鼓胀,肝胆湿热型胆胀,湿热蕴结型胁痛,湿重于热型黄疸,,
肝脾血瘀型鼓胀选用的方剂是(    )。,C,血府逐瘀汤,膈下逐瘀汤,调营饮,少腹逐瘀汤,,
患者腹大坚满拒按，烦热口苦，渴不欲饮，小便短赤，大便秘结，面目肌肤发黄，舌边尖红，苔黄腻或灰黑而润，脉弦数，证属(    )型鼓胀。,C,气滞湿阻,寒湿困脾,湿热蕴结,肝肾阴虚,,
鼓胀若水停过多可酌情选用(    )。,B,破血利水法,攻逐水饮法,行气泻水法,通利二便法,,
气滞湿阻型鼓胀的治疗方剂是(    )。,A,柴胡疏肝散合胃苓汤,柴胡疏肝散合四逆散,柴胡疏肝散合五苓散,胃苓汤合逍遥丸,,
患者腹部胀大，按之不坚，胁下胀满疼痛，食少，食后胀满，嗳气后稍减，尿少，苔白腻，脉弦细，辨证为(    )。,B,肝气郁结型胁痛,气滞湿阻型鼓胀,寒湿困脾型鼓胀,肝胆气郁型胆胀,,
水肿的病理主要在（    ）三脏。,C,心肝脾,肝脾肾,肺脾肾,心脾肾,,
患者眼睑浮肿迅及全身，皮色润泽光亮，伴恶风寒发热，咽喉肿痛，舌红，脉浮滑数，最佳选方是(    )。,B,防己黄芪汤,越婢加术汤,五皮饮,麻黄连翘赤小豆汤,,
水肿在(    )情况下用攻下逐水法最适宜。,B,高度浮肿，神志不清,高度浮肿，正气尚旺,高度浮肿，正气已衰,颜面浮肿，兼有表证,,
患者身发疮痍，发热，继则眼睑浮肿，延及四肢，小便不利，舌质红，苔薄黄，脉滑数，证属(    )。,D,湿热壅盛之阳水,水湿浸渍之阳水,风水泛滥之阳水,湿毒浸淫之阳水,,
患者恶寒发热，头痛无汗，肢体酸痛，眼睑浮肿延及四肢，小便不利，舌淡红，苔薄白，脉浮紧，证属(    )。,A,风水泛滥之阳水,水湿浸渍之阳水,湿热壅盛之阳水,湿毒浸淫之阳水,,
下列说法正确的是(    )。,C,水肿均从眼睑肿起,水肿患者不伴腹水,鼓胀与水肿均可见腹水,鼓胀只有腹水，五四肢浮肿,,
患者水肿，腰以下为甚，脘闷纳呆，肢冷神倦，尿少便溏，舌质淡，苔白腻，脉沉缓，最佳选方为(    )。,C,温脾汤,参苓白术散,实脾饮,胃苓汤,,
把水肿分为阳水和阴水两大类者是(    )。,A,朱丹溪,张景岳, 喻昌,刘完素,,
哪本书记载了疮痍可以引起水肿?,C,《证治汇补》,《金匮要略》,《医学入门》,《医宗必读》,,
水湿浸渍型水肿的治法为(    )。,D,健脾化湿，益气升阳,补脾益肾，化气行水,温阳健脾，化气行水,健脾化湿，通阳利水,,
下列(    )对阳水、阴水的鉴别无明显意义。,D,起病的缓急,感邪的不同,病程的长短,浮肿的程度,,
水肿的发病以(    )脏为本。,D,心,肺,脾,肾,,
水肿的调摄护理中，(    )最重要。,C,忌食辛辣,戒烟酒,戒盐,忌肥甘厚味,,
将水肿根据五脏证候分为心水、肺水、肝水、脾水、肾水的著作是(    )。,B,《素问》,《金匮要略》,《灵枢》,《医学入门》,,
患者遍体轻度浮肿，面色萎黄，晨起头面肿甚，午后下肢肿，能食但体倦，大便溏，小便正常，脉沉细，证属(    )。,B,脾阳虚衰之阴水,脾气虚弱之阴水,水湿浸渍之阴水,脾肾两虚之阴水,,
风水泛滥之阳水患者，若表证渐解，身重而水肿不退者，可按哪一型水肿论治?,C,脾阳虚衰,肾阳衰微,水湿浸渍,湿热壅盛,,
患者先有心悸，气短神疲，形寒肢冷，舌质暗，脉虚数，继则出现水肿，腰以下为甚，按之凹陷不起，最佳选方为(    )。,A,真武汤,济生肾气丸,五皮饮,胃苓汤,,
患者小便涩痛，小腹胀满疼痛，苔薄白，脉沉弦，最佳选方为(    )。,C,八正散,石苇散,沉香散,小蓟饮子,,
患者小便艰涩，排尿时突然中断，腰腹绞痛牵及小腹，舌红，苔薄黄，最佳选方为(    )。,B,八正散,石苇散,无比山药丸,知柏地黄丸,,
患者小腹坠胀，尿有余沥，面色无华，舌淡，脉虚细无力，证属(    )淋证。,B,肝郁气滞型,中气下陷型,脾肾两虚型,脾阳不足型,,
虚证膏淋的最佳选方为(    )。,A,膏淋汤,萆薢分清饮,补中益气汤,无比山药丸,,
淋证患者小便涩痛时见恶寒发热，其病机为(    )。,B,外邪束表，阳气被遏,湿热熏蒸，邪正相争,气分热盛，邪正相争,邪人少阳，邪正相争,,
提出：“治淋之法，有通有塞，要当分别，有瘀血积塞住溺管者，宜先通，无瘀积而虚滑者，宜峻补”的著作是(    )。,B,《外台秘要》,《临证指南医案》,《诸病源候论》,《金匮要略》,,
患者小便热涩刺痛，尿色深红，或夹有血块，苔黄，脉滑数，最佳选方为,D,知柏地黄丸,八正散,石苇散,小蓟饮子合导赤散,,
下列关于尿浊的论述，错误的是(    )。,C,小便混浊,白如泔浆,排尿疼痛,与脾胃关系密切,,
淋证日久不愈，反复发作，可转为(    )。,B,气淋,劳淋,血淋,膏淋,,
患者小便频急涩痛，尿黄赤，伴寒热，口苦，呕恶，最佳选方为(    )。,D,八正散,石苇散,五味消毒饮,八正散合小柴胡汤,,
患者面赤、心烦、口渴，小便黄赤灼热，尿色鲜红，舌红，脉数，诊断为(    )。,B,血淋,尿血,消渴,气淋,,
首先将淋证做临床分类的书籍是(    )。,B,《金匮要略》,《中藏经》,《内经》,《诸病源候论》,,
关于热淋的叙述，(    )是错误的。,B,小便频急涩痛,必有恶寒发热,小腹拘急胀痛,尿道灼热感,,
气淋实证的治法是(    )。,D,行气化瘀      ,宣肺行气,升提中气,利气疏导,,
患者小便涩滞，尿色淡红，腰疫乏力，舌淡红，脉细数，选方为(    )。,B,小蓟饮子,知柏地黄丸    ,八正散,沉香散,,
(    )不是癃闭的主症。,C,小便闭塞不通,全日总尿量减少,尿时涩痛,排尿困难,,
《素问·宣明五气篇》谓：“膀胱不利为(    )，不约为遗溺。”,D,淋,胀,闭,癃,,
导尿术最早记载于(    )。,D,《丹溪心法》,《内经》,《景岳全书》,《备急千金要方》,,
关于癃闭的诊断，(    )是错误的。,C,多见于老年男性,排尿困难,与呕吐并见,常有水肿病史,,
下列说法(    )是错误的。,A,关格均由癃闭发展而来,癃闭可发展为关格,淋证可发展为关格,水肿可发展为关格,,
患者小便点滴不通，短赤灼热，口渴不欲饮，舌红，苔黄腻，脉数，最佳选方为(    )。,A,八正散,清肺饮,沉香散,石苇散,,
患者小便点滴不通，烦渴欲饮，咳嗽，苔薄黄，脉数，最佳选方为(    )。,B,八正散,清肺饮,沉香散,石苇散,,
患者小便点滴而下，小腹胀满疼痛，舌质紫暗，脉细涩，治法是(    )。,D,清热化湿，通闭开窍,益气健脾，升清降浊,疏利气机，通利小便,行瘀散结，通利水道,,
患者小便不利，全日尿量减少，伴小腹坠胀，肛门下坠，舌淡，脉弱，证属哪一型癃闭?,D,肝郁气滞,肾阳衰惫,肺热气壅,脾气不升,,
患者时欲小便而不得出，小腹坠胀，五心烦热，肛门下坠，舌质红，脉细弱，证属哪一型癃闭?,A,气阴两虚,脾气不升,上焦热盛,气郁化火,,
取嚏法利小便的治疗依据是(    )。,B,举中气利小便,开肺气利小便,和胃气利小便,清湿热利小便,,
尿道阻塞型癃闭的最佳选方是(    )。,D,沉香散,清肺饮,滋肾通关丸,代抵当丸,,
患者小便不通，胁腹胀满，多烦易怒，舌红，苔薄黄，脉弦，最佳选方为(    )。,D,疏凿饮子,越婢加术汤,八珍汤,沉香散,,
首先将关格作为病名提出的著作是(    )。,B,《内经》,《伤寒论》,《医门法律》,《证治准绳》,,
关于关格的论述，哪一项是正确的?,A,小便不通与呕吐并见,大便不通与呕吐并见,小便不通与水肿并见,小便淋沥涩痛,,
关格呕吐的病机是(    )。,D,外感风寒，胃气上逆,瘀血内阻，胃气上逆,痰饮内停，胃气上逆,湿浊毒邪，上逆犯胃,,
患者有慢性肾小球肾炎病史20年，2月来出现小便量极少，恶心呕吐，厌食乏力，腰膝酸软，尿黄赤，苔黄腻而干，脉濡数，诊断为(    )。,B,脾气不升之癃闭,脾肾亏虚，湿热内蕴之关格,肾阳衰惫之癃闭,脾肾阳虚，寒浊上犯之关格,,
走哺呕吐的病机是(    )。,A,大便不通，浊气上冲,外邪干胃，胃气上逆,瘀血内停，胃气上逆,痰饮内停，胃气上逆,,
患者有水肿病史5年，1月来小便量极少，呕吐清水，伴面色晦暗，畏寒怕冷，舌淡胖，脉沉细，证属哪一型关格?,D,脾肾亏虚，湿热内蕴,肝肾阴虚，肝风内动,心肾两虚，邪陷心包,脾肾阳虚，寒浊上犯,,
患者小便不通，呕吐清水，面色晦滞，畏寒怕冷，便溏，苔白滑，脉沉细，选方为(    )。,D,苏合香丸,生脉散,黄连温胆汤,温脾汤合吴茱萸汤,,
患者小便极少，恶心呕吐，心悸胸闷，痰涎壅盛，神昏躁狂，苔黄腻，脉滑数，最佳选方为(    )。,B,涤痰汤合苏合香丸,涤痰汤合紫雪丹,参附汤合苏合香丸,六味地黄丸合羚羊钩藤汤,,
关格病机中标实指的是(    )。,A,湿浊毒邪,痰浊之邪,瘀血浊邪,虫积之邪,,
患者小便不通，呕吐，神昏谵语，伴面白唇暗，四肢不温，痰涎壅盛，苔白腻，脉沉缓，最佳选方为(    )。,B,六味地黄丸合羚羊钩藤汤,涤痰汤合苏合香丸,涤痰汤合紫雪丹,参附汤加减,,
治疗关格忌用酸涩之品，用无比山药丸时应去掉哪味药物?,D,五味子,肉苁蓉,巴戟天,赤石脂,,
患者小便极少，呕恶频作，伴头晕目眩，肌肤干燥，舌质红而干，脉弦细数，最佳选方为(    )。,D,一贯煎合八正散,黄连温胆汤合五皮饮,吴茱萸汤合温胆汤,六味地黄丸合羚羊钩藤汤,,
湿热下注，扰动精室之遗精，最佳选方是(    )。,B,八正散,程氏萆薢清饮,龙胆泻肝汤,知柏地黄丸,,
遗精的病位主要在(    )脏腑。,B,脾肾,心肾,心脾,心肝,,
患者少寐多梦，梦中遗精，伴心中烦热，口干，小便短赤，舌质红，脉细数，最佳选方是(    )。,D,知柏地黄丸合交泰丸,大补阴丸合交泰丸,金锁固精丸合水陆二仙丹,黄连清心饮合三才封髓丹,,
君相火旺型遗精的治疗方药中配伍少量肉桂的用意是(    )。,C,补肾阳  温脾土,温脾土  壮心阳,引火归元  心肾交泰,摄肾气  固精室,,
肾虚不藏，精关不固之遗精，治疗除补肾外，应辅以(    )。,B,定心安神,固涩止精,补益脾胃,升阳举陷,,
妙香散主治哪一型遗精?,D,君相火旺，心肾不交,湿热下注，扰动精室,肾虚滑脱，精关不固,劳伤心脾，气不摄精,,
湿热下注型遗精，治疗不宜(    )。,C,清利湿热,清心利湿,早投固涩,苦泄厥阴,,
遗精阴损及阳，肾阴阳俱虚，治当(    )。,A,阴中求阳,。补肾固涩       ,滋阴清热,温补肾阳,,
遗精初起多见(    )。,C,虚证,虚实夹杂证   ,实证,热证,,
关于溢精的论述，(    )是错误的。,A,属病理现象,每月遗精1至2次,属生理现象,无其他不适,,
阳痿这一病名始见于哪本书籍?,C,《素问》,《灵枢》,《景岳全书》,《明医杂著》,,
命门火衰型阳痿，治疗除温肾壮阳外，应配合(    )治法。,B,补益心脾,滋肾填精,益肾宁神,疏肝解郁,,
《素问》所谓：“肾欲坚，急食苦以坚之”符合(    )型阳痿的治则。,D,肝郁不舒,命门火衰,心脾受损,湿热下注,,
患者阴茎痿软，阴囊湿痒臊臭，小便黄赤，苔黄腻，脉濡数，最佳选方为(    )。,A,龙胆泻肝汤,萆藓分清饮,黄连解毒汤,八正散,,
患者阳痿不举，烦躁，胁肋胀闷，食少便溏，苔薄，脉弦，有情志所伤史，最佳选方为(    )。,A,逍遥散,疏肝散,小柴胡汤,四磨饮子,,
阳痿的治疗主要从(    )人手。,A,病因病机,临床表现,病程长短,患者年龄,,
阳痿的病机有五种，其中最多见的是(    )。,B,恐惧伤肾,命门火衰,湿热下注,心脾受损,,
“壮火食气”的病理因素是指(    )。,C,肝郁不舒,心脾受损,湿热下注,恐惧伤肾,,
阳痿肝肾阴伤，虚火旺动，治宜(    )。,D,滋补肝阴,滋补肾阴,滋补肝肾,滋阴降火,,
患者梦中阳举，举则遗精，盗汗，五心烦热，腰膝酸软，舌红，少苔，脉细数，证属哪一型阳痿?,B,肝郁不舒,肝肾阴伤，虚火旺动,命门火衰,气血两虚，宗筋失养,,
恐惧伤肾型阳痿治宜温肾宁神，还可配伍哪类药物?,D,补益心脾,行气解郁,滋补肝肾,益气升阳,,
患者阴痉痿软，阴囊湿痒臊臭，伴阴部坠胀疼痛，小便不畅，余沥不尽，治疗清热利湿，可配伍哪一类药物?,B,疏肝理气,活血化瘀,补益心脾,益肾宁神,,
患者因惊恐而致阳痿，伴心悸易惊，苔薄白，脉弦细，最佳选方为(    )。,C,归脾汤,逍遥散,大补元煎,右归丸,,
郁病的主要病因是（    ）。,D,外感六淫,饮食不节,房室失节,情志内伤,,
郁病初起基本病变为（     ）。,B,食滞,气郁,痰郁,血郁,,
各证型郁证所共有的症状为（     ）。,A, 气郁症状,湿郁症状,痰湿症状,血郁症状,,
郁证主要受累脏器是(    )。,B,心、肺、脾,心、肝、脾,肝、脾、肾,心、肝、肾,,
下列(    )病证属郁证范畴。,C,虚火喉痹,噎膈,梅核气,癫病,,
首先采用郁证这一病名的医籍是(    )。,B,《丹溪心法》,《医学正传》,《金匮要略》,《景岳全书》,,
证见：情绪不宁，心悸，健忘，失眠五心烦热，盗汗。证属(    )。,C,阴虚火旺之盗汗,肝阴亏虚之郁证,心阴亏虚之郁证,心血不足之盗汗,,
“梅核气”与“脏躁”最早记载于(    )。,C,《景岳全书》,《古今医案大全》,《金匮要略》,《临证指南医案》,,
临床表现为多思善疑，头晕神疲，心悸胆怯，失眠健忘，纳差，面色不华，舌淡苔白脉细，应辨证为(  )。,A,心脾两虚之郁病,脾血虚之虚劳,脾阳虚之虚劳,心血虚之虚劳,,
郁病在调护方面应注意的主要因素是(    )。,A,情志因素,气候因素,饮食因素,睡眠状况,,
滋水清肝饮治疗郁病的证型为(    )。,A,肝阴亏虚,气郁化火,痰气郁结,肝气郁结,,
心阴亏虚之郁病出现心烦失眠，多梦遗精等症状时，治疗应首选(    )。,A,天王补心丹合交泰丸,天王补心丹合滋水清肝饮,天王补心丹合六味地黄丸,天王补心丹合归脾汤,,
治疗血证的良方犀角地黄汤首载于(    )。,D,《医学正传》,《诸病源候论》,《景岳全书》,《备急千金要方》,,
咳血亦称(    )。,D,衄血,吐血,呕血,嗽血,,
便血色红，大便不畅，或有腹痛，为(    )。,C,脾胃虚寒,瘀血内结,肠道湿热,气虚不摄,,
黄土汤治疗便血，其治法体现了(    )。,A,健脾温中，养血止血。,理气和中，养血止血。,健脾养心，益气摄血。,清化湿热，凉血止血。,,
肝火上炎之鼻衄首选(    )。,A,龙胆泻肝汤,丹栀消遥散,清胃散,清肝饮,,
玉女煎治疗鼻衄的证型为(    )。,B,热邪犯肺,胃热炽盛,肝火上炎,气血亏虚,,
鼻燥衄血，口干咽燥，身热咳嗽少痰，舌质红，苔薄，脉数，证属(    )。,C,肝火克肺,阴虚火旺,热邪犯肺,肺气亏虚,,
下面(    )不是吐血的特征。,B,血随呕吐而出,血呈泡沫状,可混有食物,多伴黑便,,
胃热壅盛之吐血，当选用(    )。,D,清胃散,泻心汤合清胃散,玉女煎,泻心汤合十灰散,,
吐血且出血量多，而见面色苍白，四肢厥冷，汗出脉微，应选用(    )。,A,独参汤,归脾汤,四逆汤,理中汤,,
小便赤黄灼热，尿血鲜红，心烦口渴，面赤口疮，夜寐不安，舌红，脉数，首选(    )。,C,归脾汤,泻心汤,小蓟饮子,六一散,,
尿血日久，血色淡红，头晕耳鸣，精神困惫，腰膝酸软，应当(    )。,B,补脾摄血,补益肾气，固摄止血,滋阴降火,益气滋阴，固摄止血,,
《先醒斋医学广笔记》提出的治吐血要法中不包括(    )。,A,凉血,行血,补肝,降气,,
阴虚火旺型紫斑当用(    )。,C,十灰散,知柏地黄丸,茜根散,归脾汤,,
便血色红，伴食少，体倦，面色萎黄，心悸，少寐，舌质淡，脉细，治法为(    )。,D,养血止血,凉血止血,固摄止血,益气摄血,,
患者汗出恶风，稍劳汗出尤甚，易于感冒，体倦乏力，脉细弱，苔薄白，宜用(    )。,C,桂枝汤,补中益气汤,玉屏风散,四君子汤，,,
肺卫不固型自汗治法是(    )。,D,补气升阳,祛风散邪,调和营卫,益气固表,,
汗出恶风，周身酸楚，时寒时热，半身汗出，苔白，脉缓，当用(    )。,B,小柴胡汤,桂枝汤,玉屏风散,归脾汤,,
营卫不和自汗，兼见：倦怠乏力，少气懒言等气虚症状者可用(    )。,D,大补黄芪汤,小建中汤,补中益气汤,黄芪建中汤,,
阴虚火旺与心血不足汗出较多时均可加用(    )。,D,黄芪、防风,黄芩、黄柏,生地、当归,牡枥、浮小麦,,
“盗汗”首见于哪一部医籍?,A,《金匮要略》,《笔花医镜》,《景岳全书》,《临证指南医案》,,
邪热郁蒸汗出，湿邪偏重者可用(    )。,C,龙胆泻肝汤,当归六黄汤,四妙丸,五苓散,,
《三因极—病证方论》又将盗汗称(    )。,D,脱汗,梦汗,夜汗,寝汗,,
自汗，五心烦热，兼午后潮热，面色潮红，口渴，治法为(    )。,D,调和营卫,清肝泄热,养阴止汗,滋阴降火,,
《内经》中认为消渴的主要病机为(    )。,A,内热,阴虚,肝火,阳虚,,
消渴之名首见于(    )。,B,《难经》,《素问》,《金匮要略》,《诸病源候论》,,
以多食为主症之消渴，治疗时首选(    )。,A,玉女煎,消渴方,清胃散,白虎汤,,
症见：烦渴多饮，口干舌燥，尿频量多，舌边尖红，苔黄，脉洪数。应选用(    )。,B,玉女煎,消渴方,六味地黄丸,金匮肾气丸,,
下消的主症是(    )。,B,多饮,多尿,多食,消瘦,,
一患者8年前患消渴，现症口渴引饮，能食便溏或饮食减少精神不振，四肢乏力，舌淡，脉细弱，治疗时首选(    )。,B,健脾丸,七味白术散,消渴方,金匮肾气丸,,
阴阳两虚之消渴的治法为(    )。,D,益肾壮阳，补肾固摄,滋阴补肾，润燥止渴,益肾泻火，补肾固摄,温阳滋阴，补肾固摄,,
消渴与瘿病共有的症状为(    )。,C,情绪易激动,多饮、多尿、尿甜,多食，易饥,眼球突出,,
消渴日久并发疮毒痈疽者，治宜(    )。,D,清热养阴，活血化瘀,活血化瘀，消散痈肿,清热解毒，益气养阴,清热解毒，消散痈肿,,
最早提出“内伤发热”这一病名的医籍是(    )。,C,《内经》,《景岳全书》,《症因脉治》,《症治汇补》,,
夜间发热，不欲近衣，少寐多梦，盗汗口干咽燥，为(    )。,A,阴虚发热,阴虚火旺盗汗,血虚发热,心血不足盗汗,,
最早提出甘温除热法的著作为(    )。,B,《内经》,《金匮要略》,《景岳全书》,《内外伤辨惑论》,,
低热，每因生气后加重，精神抑郁，胁肋胀满，，燥烦易怒，口苦纳少，舌红苔黄，脉弦数，证属(    )。,D,气虚发热,血瘀发热,湿郁发热,气郁发热,,
甘温除热的代表方剂为(    )。,A,补中益气汤,四君子汤,四逆汤,归脾汤,,
血虚发热的治法为(    )。,C,养血清热,养血滋阴,益气养血,养血活血,,
发热，热势或高或低，劳累后加剧，倦怠乏力，气短懒言，自汗，食少便溏，舌质淡苔白，脉细弱，应当(    )。,B,补血养心，益气止汗,益气健脾，甘温除热,温补阳气，引火归元,疏肝理气，解郁泻热,,
治疗阴虚发热首选(    )。,A,清骨散,六味地黄丸,归脾汤,补中益气汤,,
发热而欲近衣，形寒怯冷，四肢不温，少气懒言，腰膝酸软，纳少便溏，面色晃白，舌质淡，苔白润，脉沉细无力，治方首选(    )。,D,六味地黄丸,归脾汤,补中益气丸,金匮肾气丸,,
气郁发热日久，热伤阴津，则转化为(    )。,B,阴虚发热,气郁阴虚发热,气阴两虚发热,气血两虚发热,,
“精气夺则虚”出自(    )。,B,《素问·调经论》,《素问·通评虚实论》,《难经·十四难》,《诸病源候论·虚劳病诸候》,,
首先提出了虚劳病名的医籍是(    )。,C,《素问》,《理虚元鉴》,《金匮要略》,《诸病源候论》,,
脾气虚之虚劳，治疗时应选用(    )。,B,归脾汤,加味四君子汤,益胃汤,补中益气汤,,
第一部论述虚劳的专书是(    )。,D,《不居集》,《医宗必读》,《虚劳论》,《理虚元鉴》,,
虚劳证见：头痛眩晕，耳鸣，目干畏光视物不明，肢麻肉晌，证属(    )。,C,肝血虚,肝气虚,肝阴虚,肝阳虚,,
虚劳证见：干咳，失音，咯血伴潮热盗汗，舌红少津，脉细数，治当(    )。,C,补益肺气,养血润肺,养阴润肺,补肺止咳,,
虚劳的基本治则是(    )。,C,治本,理气,补益,泻实,,
虚劳见悸，自汗，神倦，嗜卧，心胸憋闷，形寒肢冷，面色苍白，舌质淡，脉沉迟，当选用(    )。,B,右归丸,保元汤,附子理中丸,金匮肾气丸,,
治疗血虚之虚劳不宜单用血药，应适当配伍(    )。,C,补阳,补阴,补气,活血,,
虚劳见口干唇燥，不思饮食，大便燥结干呕，面色潮红，舌干苔少，治当(    )。,D,滋阴养心,补肝养血,益气补血,养阴和胃,,
心血虚之虚劳，治疗应当选用(    )。,A,养心汤,七福饮,保元汤       Ｄ天王补心丹,,,
肝气虚之虚劳，在治疗肝脏的基础上，结合(    )论治。,B,心气亏虚,脾气亏虚,肺气亏虚,肾气亏虚,,
积聚之名首见于(    )。,C,《景岳全书》,《医宗必读·积聚》,《灵枢·五变》,《素问》,,
对积与聚作了明确区别的医籍是(    )。,B,《内经》,《难经》,《金匮要略》,《证治准绳》,,
聚证的临床特证不包括(    )。,D,腹中气聚,攻窜胀痛,时作时止,可扪及包块,,
积聚的病位主要在(    )。,D,肝、肾,心、脾,心、肾,肝、脾,,
聚证主要病变为(    )。,A,气滞,血瘀,痰结,血虚,,
食浊阻滞聚证治疗应当用(    )。,B,越鞠丸,六磨汤,沉香化滞丸,木香顺气散,,
症见：腹中气聚，攻窜胀痛，时聚时散，苔白脉弦，治法为(    )。,C,理气化浊，导滞通腑,理气活血，通络消积,疏肝解郁，行气消聚,祛瘀活血，补益脾胃,,
积证的治疗应着重(    )。,D,调气,消积     软坚,活血,,,
积证初起，积块软而不坚，固着不移，胀痛并见，舌苔薄白，脉弦。治疗当用(    )。,B,隔下逐瘀汤,荆蓬煎丸,化积丸,木香顺气散,,
肝气郁滞聚证，经治攻窜胀痛之症缓解后，调理善后应选(    )。,C,左金丸,六君子汤,逍遥散,补中益气汤,,
首先区分外感发厥与内伤发厥的古典医籍是(    )。,C,《卫生宝鉴》,《诸病源候论》,《医学入门》,《金匮要略》,,
“暴厥者，不知与人言”出自(    )。,B,《景岳全书》,《素问·大奇论》,《诸病源候论》,《素问·厥论》,,
厥证发生的基本病机是(    )。,C,气虚血亏，不能荣养,气机逆乱，气血阴阳不能顺接,脾虚无力运化，痰湿内生,,,
厥证的主要治疗原则是(    )。,C,开窍化痰,益气回阳,醒神回厥,辟秽救逆,,
厥证辨证之关键是(    )。,A,辨虚实,辨脏腑,辨阴阳,辨气血,,
厥证与中风相鉴别时，主要区别为(    )。,D,诱发因素,病程长短,年龄大小,后遗症有无,,
因失血过多而发，突然昏厥，面色苍白口唇无华，四肢震颤，自汗肢冷，目陷口张，呼吸微弱，舌质淡，脉细数无力，应急服(    )。,A,独参汤,人参养营汤,四君子汤,四味回阳饮,,
瘿病一名首见于(    )。,B,《千金要方》,《诸病源候论》,《吕氏春秋》,《外台秘要》,,
最早记载用海藻昆布治疗瘿病的是(    )。,B,《千金要方》,《肘后方》,《圣济总录》,《吕氏春秋》,,
瘿病基本病理是(    )。,C,血行瘀滞，蕴结成瘿,脉络瘀阻，气血凝结,气滞痰凝，壅结颈前,气虚血少，运行无力,,
瘿病，肿块质地较硬，有结者属(    )。,D,气郁痰阻,肝火炽盛,心肝阴虚,痰结血瘀,,
颈前正中肿大，质软不痛，颈部觉胀，胸闷，喜太息，病情波动常与情志因素有关，苔薄白，脉弦，治疗可用(    )。,A,四海舒郁丸加减,海藻玉壶汤加减,天王补心丹加减,栀子清肝饮加减,,
心肝阴虚之瘿病，治疗当选用(    )。,B,栀子清肝汤,天王补心丹,一贯煎,归脾汤,,
实证之瘿病，应着重辨明(    )。,C,辨证候虚实,火热之有无,有无瘀血,是否兼有阴虚,,
颈前轻度肿大，柔软光滑，性情急躁，眼球突出，面烘热，口苦，舌红脉弦，治当(    )。,D,滋阴降火,清肝活血,理气清热,清肝泄火,,
偏头痛的病机是（   ）。,D,肾虚精亏,外邪上犯巅顶,瘀血阻滞,肝经风火上扰,,
外感头痛以（    ）病邪为主。,A,风邪,寒邪,热邪,湿邪,,
记载头痛是由“风痰相结，上冲于头”所致的著作是（      ）。,B,《丹溪心法》,《诸病源候论》,《伤寒论》,《普济方》,,
外感头痛总的治疗原则是（     ）。,D,解表散寒,祛湿通阳,通络止痛,祛邪活络,,
治疗风寒头痛方宜选取用（     ）。,A,川芎茶调散,羌活胜湿汤,参苏饮,加味香薷饮,,
症见头痛如裹，肢体困重，胸闷纳呆，便溏，苔白腻，脉濡。治法宜(    )。,C,化痰降逆,平肝潜阳,祛风胜湿,疏风散寒,,
内伤头痛与(    )脏器密切相关。,B,肝肺脾,肝脾肾,心肝肾,肺脾肾,,
头痛昏蒙沉重，胸脘满闷，呕恶痰涎，苔白腻，脉滑。证属(    )。,C,风寒头痛,风湿头痛,痰浊头痛,肝阳头痛,,
半夏白术天麻汤可治疗(    )。,D,肝阳头痛,风热头痛,风湿头痛,痰浊头痛,,
寒邪侵犯厥阴经，症见头巅顶痛，干呕吐涎，四肢厥冷，苔白，脉弦。治疗方剂是(    )。,D,川芎茶调散,羌活胜湿汤,芎芷石膏汤,吴茱萸汤，,,
瘀血头痛的疼痛特点是(    )。,B,隐痛绵绵,刺痛固定,头痛如裹,胀痛而眩,,
头痛在(    )情况下选用麻黄附子细辛汤。,D,肾阳不足,肾阴不足,外感风寒,肾阳不足兼外感寒邪,,
症见头痛而空，眩晕耳鸣，腰膝酸软，舌红少苔，脉沉细。治疗法则是(    )。,C,补益气血,健脾化痰,滋阴补肾,平肝潜阳,,
患者突然剧烈头痛，伴喷射样呕吐，肢厥，抽搐。应诊断为(    )。,B,头痛,真头痛,类中风,雷头风,,
治疗头痛如刺，固定不移，舌质紫暗，脉细涩，应选用的方剂是(    )。,C,桃红四物汤,血府逐瘀汤,通窍活血汤,身痛逐瘀汤,,
引起痰浊头痛的病因是(    )。,C,久病人络,湿邪外侵,脾虚湿停,肝郁化火,,
“风寒湿三气杂至，合而为痹”出自(    )。,A,《素问·痹论》,《中藏经·论痹》,《医宗必读·痹》,《症因脉治·热痹》,,
下列除(    )外，均为痹病的常见症状。,D,关节疼痛      ,肌肤麻木,关节屈伸不利,肢体痿软无力,,
患者肢体关节疼痛剧烈，不可屈伸，遇冷痛甚，得热痛减，苔薄白，脉弦紧。此属(    )。,B,行痹,痛痹,着痹,热痹,,
“治风先治血，血行风自灭”的治则，最适用于(    )。,A,行痹,热痹,痛痹,着痹,,
痛痹的治疗法则是(    )。,A,温经散寒，祛风除湿,除湿通络，祛风散寒,补肾祛寒，活血通络,祛风通络，散寒除湿,,
患者素有肢体关节疼痛，近日因天气变化，关节疼痛又发，其痛游走不定，关节肿大，伴恶风发热，苔薄黄，脉浮。方剂宜选用(    )。,C,薏苡仁汤,宣痹达经汤,桂枝芍药知母汤,白虎加桂枝汤,,
痹病的内在致病因素是(    )。,A,正气不足,感受风寒湿邪,情志不畅,饮食不节,,
除湿通络，祛风散寒法适用于(    )。,D,行痹,痛痹,wang痹,着痹,,
着痹的症状特点是(    )。,C,关节酸痛，游走不定,关节痛剧，遇冷痛甚,关节肿胀，疼痛重着,关节疼痛，僵硬变形,,
患者病久，肢体关节疼痛，屈伸不利，关节肿大、僵硬、变形，肌肉萎缩，舌质暗，脉细涩。治法为(    )。,B,益气养血，舒筋活络,补肾祛寒，活血通络,祛风散寒，化瘀通络,温经散寒，祛风除湿,,
薏苡仁汤用于治疗(    )。,C,行痹,痛痹,着痹,热痹,,
治疗痹病气血亏虚证，方宜选用(    )。,D,八珍汤,补肾祛寒治wang汤   宣痹达经汤,气血并补荣筋汤,,,
痹病的治疗大法为(    )。,D,祛风通络，散寒除湿,温经散寒，活血通络,益气养血，舒筋活络,祛邪活络，缓急止痛,,
症见关节红肿，疼痛剧烈，入夜尤甚，壮热烦渴，舌红少津，脉弦数者。证属(    )。,B,行痹邪气化热,热痹化火伤津,热痹湿热胜,wang痹,,
痿病与痹病的鉴别要点是(    )。,A,肢体关节痛与不痛,肢体活动自如与否,肌肉是否萎缩,肢体是否麻木,,
痉病的病位在(    )。,C,皮毛,肌肉,筋脉,筋骨,,
痉病与痫病的共同症状是(    )。,B,突然仆倒,四肢抽搐,昏不识人,忽作忽止,,
痉病的基本病机为(    )。,A,筋脉失养而挛急,肢体筋脉拘急失养,肌肉筋脉失养,筋脉肌肉失养失控,,
痉病邪壅经洛，若寒甚无汗，治宜(    )。,D,活血通络,益气养血,平肝熄风,解肌发汗,,
痉病之邪壅经络，若风邪甚，项背强直，发热不恶寒，头痛汗出，苔薄白，脉细者。方宜选用(    )。,D,葛根汤,白虎加桂枝汤,羌活胜湿汤,瓜蒌桂枝汤,,
治疗痉病虚证宜(    )。,B,益气化瘀,滋阴养血,养阴清热,和营生津,,
症见头痛如刺，项背强直，形瘦神疲，四肢抽搐，舌质紫暗，脉细涩。治法为(    )。,C,祛风散寒，化湿通络,益气补血，缓急止痉,益气化瘀，活络止痉,化痰通络，熄风止痉,,
羚麻白虎汤用于何型痉病(    )。,C,邪壅经络,热甚发痉,温热致痉,瘀血内阻,,
痉病的治疗大法是(    )。,A,祛邪扶正,舒筋解痉,扶正益损,益气化瘀,,
患者发热胸闷，心烦急躁，口噤蚧齿，项背强急，角弓反张，腹胀便秘，苔黄腻，脉弦数。证属(    )。,C,温热致痉,邪壅经络型痉病,热甚发痉,瘀血内阻型痉病,,
患者产后失血，四肢抽搐，项背强急，头晕目眩，自汗气短，苔薄少津，脉沉细。治疗的主方为(    )。,C,羌活胜湿汤,大定风珠汤,圣愈汤,增液承气汤,,
三仁汤所治痉病其病因是(’    )。,B,风寒湿邪壅阻于经,湿热之邪留滞于络,外感火热之邪,情志过激内生肝火,,
温热致痉的治法为(    )。,B,泄热存阴，增液柔筋,清热透络，镇痉止抽,清热化湿，通络和营,滋阴潜阳，熄风止痉,,
痿病与(    )脏腑密切相关。,B,肝脾肺胃,肝肾肺胃,肝脾肾胃,肝脾肺肾,,
下列(    )不是痿病的病因。,A,外感风寒,肺热伤津,脾胃亏虚,肝肾亏损,,
患者发热数日，热退后突然出现下肢软弱无力，行走不便，伴咽干口渴，呛咳阵阵，尿黄便干，舌红少津，脉细数。此属(    )。,B,痿病湿热浸淫证,痿病肺热津伤证,痿病脾胃亏虚证,痿病肝肾亏损证,,
痿病日久可见(    )。,C,肢体疼痛,关节变形,肌肉萎缩,半身不遂,,
痿病重症，若出现呼吸困难，吞咽困难，为(    )脏气极虚的表现。,A,肺脾,肝肾,脾肾    0脾胃,,,
痿病治疗中应注意的环节是(    )。,A,慎用风药,慎用苦寒之品,慎用辛温之品,慎用滋阴药,,
关于痿病脾胃亏虚证的病因，(    )说法不正确。,D,素体脾胃虚弱,饮食不节脾胃受损,久病成虚,脾虚生湿,,
痿病的病位在(    )。,A,肌肉筋脉,肢体关节,筋脉,肌肉筋骨,,
治痿“泻南方，补北方”是指(    )。,B,调理脾胃,滋阴清热,补益肝肾,清热润肺,,
痿病不具备下列(    )症状。,D,肌肉萎削,手不能握物,足不能任地,关节疼痛,,
治疗痿病湿热浸淫证的方剂是(    )。,A,加味二妙散,薏苡仁汤,羌活胜湿汤,参苓白术散,,
肢体痿软无力日重，纳呆便溏，神疲乏力，面浮不华，舌淡，脉沉细。治法为(    )。,B,清热润肺,健脾益气,补益肝肾,清热燥湿,,
参苓白术散用于痿病何证?,C,肺热津伤,湿热浸淫,脾胃亏虚,肝肾亏损,,
患者年迈，渐见四肢痿软无力，腰脊酸软，不能久立，眩晕耳鸣，舌红少苔，脉沉细数。治疗的最佳方剂是(    )。,D,金匮肾气丸,右归丸,参苓白术散,虎潜丸,,
颤震的根本病机是(    )。,B,肌肉筋脉失养,筋脉肌肉失养失控,筋脉失养而挛急,肢体筋脉拘急失养,,
颤震的特征性症状为(    )。,B,四肢抽搐,头摇肢颤,项背强急,肢体痿软,,
患者平素性情暴躁易怒，症见眩晕头胀，口干舌燥，头摇肢颤，不能自主，舌红苔薄黄，脉弦数。此属(    )。,A,颤震风阳内动证,颤震气血亏虚证  颤震髓海不足证,颤震痰热动风证,,,
颤震痰热动风的治法为(    )。,C,清热化痰,涤痰开窍,豁痰熄风,祛风化痰,,
下列除(    )症状外，均属髓海不足型颤震。,C,头晕目眩,头摇肢颤,胸闷泛恶,脉沉弦无力,,
滋生青阳汤用于颤震(    )。,A,风阳内动证,髓海不足证,气血亏虚证,痰热动风证,,
症头晕目眩，头摇肢颤，手不持物，胸闷泛恶，舌红苔黄腻，脉沉滑。治疗方剂是(    )。,B,补中益气汤,导痰汤,滋生青阳汤,龟鹿二仙丹,,
颤震的多发人群是(    )。,C,儿童,青少年,中老年男性,更年期妇女,,
颤震的病理性质为(    )。,B,实多虚少,虚多实少,热多寒少,寒多热少,,
颤震的辨证要点是辨(    )。,A,标本虚实,外感内伤,脏腑虚实,寒热虚实,,
患者年愈七旬，逐渐出现头晕目眩，耳鸣善忘；头摇肢颤，溲便不利，舌淡红苔薄白，脉沉无力。治法为(    )。,D,滋阴潜阳,豁痰熄风,补中益气,填精益髓,,
外感腰痛主要致病邪气为(    )。,C,风邪,寒邪,湿邪,热邪,,
不适用肾虚腰痛的方药是(    )。,D,左归丸,右归丸,青娥丸,四妙丸,,
症见腰部疼痛，痛处有热感，着热后痛剧，尿色黄赤，苔黄腻，脉濡数。方宜选用(    )。,B,渗湿汤          ,加味二妙散,左归丸,羌活胜湿汤,,
腰痛的发病关键在于(    )。,B,寒湿,肾虚,瘀血,湿热,,
瘀血腰痛的疼痛特点为(    )。,A,腰痛如刺，痛处固定,腰部冷痛，痛处喜温,腰髋驰痛，着热痛剧,腰痛酸软，喜揉喜按,,
腰部冷痛重着，转侧不利，静卧痛不减，痛处喜温，苔白腻，脉沉迟。证属(    )。,A,寒湿腰痛,湿热腰痛,瘀血腰痛,肾虚腰痛,,
腰痛实证总的治则为(    )。,C,补肾壮腰,散寒除湿,祛邪活络,活血化瘀,,
关于肾虚腰痛的病因，错误的是(    )。,B,久病体虚,久病入络,年老体衰,房室不节,,
清热利湿，舒筋活络法用于(    )。,B,肾虚腰痛,湿热腰痛,寒湿腰痛,瘀血腰痛,,
患者腰痛如锥刺，日轻夜重，不能转侧，痛处拒按，舌质紫暗，脉弦涩。治法为(    )。,A,活血化瘀，理气止痛,散寒除湿，温经通络,清热利湿，舒筋活络,补肾壮腰，调养气血,,
寒湿腰痛病久不愈，累伤正气，治宜扶正祛邪，方剂用(    )。,A,独活寄生汤,渗湿汤,右归丸,青娥丸,,
腰痛冷痛重着，痛处喜温，久病兼见腰膝酸软，苔白腻，脉沉无力。治法是(    )。,D,散寒除湿，温经通络,温补肾阳,温补肾阳为主，兼散寒除湿,散寒除湿为主，兼补肾阳,,
提出腰痛病因有“湿热、肾虚、瘀血、挫闪、痰积”的医著是,A,《丹溪心法》,《诸病源候论》,《金匮要略》,《千金要方》,,
湿热腰痛日久，兼有伤阴之象，可加(    )。,D,养阴清肺汤,一贯煎,麦门冬汤,二至丸,,
治疗瘀血腰痛的方剂是(    )。,C,血府逐瘀汤,通窍活血汤,身痛逐瘀汤,膈下逐瘀汤,,
肺癌发病的主要基础是(    )。,D,烟毒内侵,邪毒内侵,痰湿聚肺,正气内虚,,
早期肺癌获得治愈和远期疗效的可靠手段是(    )。,B,手术治疗,中药配合放化疗,放疗,化疗,,
肺癌咳嗽，咯黄白粘痰，胸闷胸痛，纳呆便溏，辨证为(    )证型。,D,气血瘀滞,气阴两虚,阴虚毒热,痰湿蕴肺,,
治疗气滞血瘀型肺癌的主方是(    )。,C,复元活血汤,柴胡疏肝散,血府逐瘀汤,逍遥散,,
提出以息贲丸治疗肺癌(肺积)的医家是(    )。,B,张景岳,李东垣,朱丹溪,张从正,,
治疗肺癌气阴两虚型的主方是(    )。,B,百合固金汤,生脉饮合百合固金汤,竹叶石膏汤,沙参麦冬饮,,
痞癖相当于现代医学的(    )。,D,胃癌,肝癌,大肠癌,肺癌,,
沙参麦冬汤合五味消毒饮治疗(    )型肺癌。,C,气血瘀滞,气阴两虚,阴虚毒热,痰湿蕴肺,,
把握肺癌扶正祛邪治则和合理遣方用药的关键是(    )。,A,辨邪正盛衰,辨病的早中晚期,辨证候虚实,辨标本缓急,,
肺癌患者最常见的早期症状是(    )。,B,胸痛,咳嗽,咯血,发热,,
肝癌的基本病机是(    )。,C,肝郁气滞,湿热内蕴,肝失疏泄,肝阴亏虚,,
肝癌患者突发剧烈腹痛和腹膜刺激征，提示(    )。,D,合并肝硬化腹水,消化道出血,肝昏迷,癌肿破溃,,
肝癌早期病理性质为(    )。,A,邪实为主,正虚为主,虚实夹杂,本虚邪实,,
肝癌合并血证，是因(    )。,B,肝火犯胃,肝不藏血脾不统血,血热妄行,气滞血瘀,,
肝癌的治疗应重视(    )的应用。,C,活血化瘀,清热利湿,疏肝理气,消积散结,,
肝癌气滞血瘀的主方是(    )。,B,调营饮,复元活血汤,桃仁承气汤,血府逐瘀汤,,
肝癌日久可转为(    )。,D,血证,昏迷,黄疸,鼓胀,,
肝癌后期出现阴阳两虚者，宜选用(    )。,A,金匮肾气丸,附子理中丸,薯蓣丸,济生肾生丸,,
肝阴亏虚型肝癌的主方是(    )。,D,补肝汤,茵陈蒿汤合四物汤,归脾汤,一贯煎,,
肝阴亏虚型肝癌，出现黄疸者，可合用(    )。,C,麻黄连翘赤小豆汤,茵陈五芩散,茵陈蒿汤,栀子柏皮汤,,
湿热聚毒型肝癌的主方是(    )。,A,茵陈蒿汤,五味消毒饮合沙参麦冬饮,五味消毒饮,甘露消毒丹,,
肝气郁结型肝癌，方用(    )。,B,四逆散,柴胡疏肝散,逍遥散,苏子降气汤,,
肝癌最常见的体征是(    )。,D,腹胀大,目黄,腹水,右胁部进行性肝肿大,,
胃癌的治疗中应始终重视(    )。,A,顾护胃气,活血化瘀,理气化痰,益气养血,,
患者胃脘刺痛拒按，痛有定处，可扪及腹内积块，腹满不食，黑便如柏油样，舌质紫暗，脉涩，治法宜(    )。,D,理气化痰,燥湿化痰,益气养血,活血化瘀，行气止痛,,
气血两虚型胃癌的疼痛特点是(    )。,C,胃脘胀痛,胃脘刺痛拒按,胃脘疼痛绵绵,胃脘隐痛，喜温喜按,,
治疗痰气交阻型胃癌的主方是(    )。,B,导痰汤,开郁至神汤,温胆汤,旋复代赭汤,,
患者病久，症见胃脘灼热疼痛，口干欲饮，胃脘嘈杂，食后即吐，纳差，形体消瘦，五心烦热，舌红少苔，脉细数，选方是(    )。,C,十全大补汤,理中汤,竹叶石膏汤,膈下逐瘀汤,,
痰湿凝滞型胃癌治法宜(    )。,B,理气化痰,燥湿化痰,清热化痰,化痰软坚,,
十全大补汤可用于胃癌的哪个证型?,C,脾胃虚寒,胃热伤阴,气血两亏,瘀血内结,,
下列(    )症状不属于胃癌痰湿凝滞型。,C,胃脘满闷,呕吐痰涎    ,大便干燥,痰核累累,,
患者中年男性，胃脘疼痛日久，呈隐痛，喜温喜按，腹部可触及肿块，朝食暮吐、宿食不化，泛吐清涎，面色觥白，肢肿便溏，舌淡胖，苔白滑，脉沉缓，此属(    )。,A,脾胃虚寒型胃癌,气血两亏型胃癌,痰气交阻型胃癌,痰湿凝滞型胃癌,,
用手术治疗肠癌的著作是(    )。,A,《后汉书》,《外科大成》,《素问》,《疡医大全》,,
大肠癌病机的中心环节是(    )。,D,血瘀,气滞,毒聚,湿热,,
大肠癌患者便血鲜红，大便不爽，肛门灼热，舌红苔黄腻，脉滑数，证属(    )。,A,湿热下注,瘀毒内阻,肝肾阴虚,脾肾阳虚,,
患者腹痛拒按，腹内结块，便脓血，色紫暗，里急后重，烦热口渴，舌质紫暗，脉涩，方选(    )。,C,少腹逐瘀汤,血府逐瘀汤,膈下逐瘀汤,四物汤,,
鉴别大肠癌与痔疮，最重要的是(    )。,D,有无便血,有无里急后重,有无肛门坠胀,是否伴全身症状,,
(    )不是大肠癌的病因。,B,外感湿热,久咳不已,饮食不节,情志所伤,,
八珍汤治疗肠癌，重用白芍、炙甘草的作用是(    )。,C,清热凉血,补气养血,缓急止痛,益气健脾,,
中晚期大肠癌患者及接受手术、放化疗后，其证候转化为(    )。,A,脾虚血亏、正虚邪衰,脾肾阳虚、正虚邪衰,肝肾阴虚、正虚邪衰,肺肾阴虚、正虚邪衰,,
(    )不是肝肾阴虚型大肠癌的主症。,B,大便带血,腹痛拒按,五心烦热,形瘦盗汗,,
脾肾阳虚之大肠癌，方选附子理中汤，若患者下利清谷，腰膝酸冷之症突出，可配伍的最佳选方为(    )。,C,小建中汤,金匮肾气丸,四神丸,济生肾气丸,,
大肠癌化疗后，症见倦怠乏力，厌食，可适当选用(    )中成药。,A,补益类,润肠通便类,清热解毒类,活血理气类，,,
大肠癌晚期患者，正虚邪实，治疗以补虚为主，兼以(    )。,D,清热解毒,清热利湿,清热化痰,解毒散结,,
大肠癌的好发人群为(    )。,A,中年以上男性,中年以上女性,老年男性,老年女性,,
白血病的特征表现为(    )。,A,白细胞系列异常,红细胞系列异常,血小板系列异常,全血系列异常,,
白血病最常见于(    )年龄段人群。,B,婴儿,儿童和青年,中年,老年,,
白血病的病位在(    )。,D,血与心,肝与脾,血与骨,血与骨髓,,
下列(    )不是急性白血病的临床特点。,A,预后好,起病急,发展迅速,易于复发,,
骨关节疼痛是白血病的。主要临床表现之一，其中以(    )部位的压痛为本病的特征。,D,肘关节,肱骨下段,胫骨下段,胸骨下段,,
治疗热邪炽盛型急性白血病的最佳选方是(    )。,C,犀角地黄汤,黄连解毒汤,清瘟败毒饮,白虎汤,,
患者壮热谵语，口渴，鼻衄，血色鲜红，舌红绛，苔黄，脉弦数，最佳选方是(    )。,B,清营汤,神犀丹,犀角地黄汤,清瘟败毒饮,,
(    )不是气阴两虚型白血病的主症。,A,壮热神昏,反复低热,自汗盗汗,舌淡脉细弱,,
瘀血内阻型慢性白血病的最佳选方是(    )。,B,少腹逐瘀汤,膈下逐瘀汤,四物汤,血府逐瘀汤,,
患者低热不退，夜热早凉，口腔糜烂，颈腋痰核肿大，口渴咽于，便血，舌红，脉细数，治宜凉血解毒，须配伍(    )。,C,滋补肝肾,益气养阴,养阴清热,清热止血,,
患者面色觥白，畏寒肢冷，皮肤紫斑，伴衄血，自汗便溏，舌淡边有齿痕，苔白润，脉弱无力，方选(    )。,A,右归丸,金匮肾气丸,济生肾气丸,附子理中丸,,
患者头晕目涩，口干舌燥，五心烦热，腰膝酸软，皮肤紫斑，舌红少苔，脉弦细，最佳选方为(    )。,B,六味地黄丸,麦味地黄丸,左归丸,鳖甲煎丸,,
下列(    )不是气血两亏型白血病的主症。,D,心悸气短,神疲体倦,出血色淡,畏寒肢冷,,
靛玉红为口服治疗慢性粒细胞性白血病的药物，是从(    )中药中提取的。,C,紫草,海藻,青黛,两面针,,
目前治疗白血病，主要采用(    )疗法。,D,针炙,手术,放疗,化疗,,